კოდი,დასახელება,ფასი,ფოტო,Image_URL,Image_File,Status,Match_Title
1,საბურავის ლატკა MU A0 CIVI DELIGI YAMASI000,0.4,,https://swistowski.pl/img/p/4/8/48.jpg,1.jpg,FOUND,
2,საბურავის ლატკა MU 00 CIVI DELIGI YAMASI,0.5,,https://ideacdn.net/idea/cd/75/myassets/products/687/gut00.png?revision=1697143329,2.jpg,FOUND,
3,საბურავის ლატკა MU B0 CIVI DELIGI YAMASI,0.9,,https://ir.ozone.ru/s3/multimedia-9/c1000/6629171481.jpg,3.jpg,FOUND,
4,საბურავის ლატკა MU 01 CIVI DELIGI YAMASI,1.28,,https://www.static-src.com/wcsstore/Indraprastha/images/catalog/full/catalog-image/99/MTA-176131674/no-brand_no-brand_full01.jpg,4.jpg,FOUND,
5,საბურავის ლატკა MU 02 CIVI DELIGI YAMASI,1.8,,https://www.canotom.com.tr/idea/cd/75/myassets/products/672/gut00.png?revision=1754901748,5.jpg,FOUND,
6,საბურავის ლატკა MR 08 RADYAL YAMASI,2,,https://ideacdn.net/idea/cd/75/myassets/products/084/gnr-08.jpg?revision=1697143329,6.jpg,FOUND,
7,საბურავის ლატკა MR 10 RADYAL YAMASI,1.8,,https://ph-test-11.slatic.net/p/c447a62a8bfeeb45c978ffccc97e1d76.jpg,7.jpg,FOUND,
8,საბურავის ლატკა MR 12 RADYAL YAMASI,4.5,,https://down-th.img.susercontent.com/file/85ddceb39e77ef6e6427d9e908261798,8.jpg,FOUND,
9,საბურავის ლატკა MR 14 RADYAL YAMASI,6,,https://productimages.hepsiburada.net/s/199/550/110000170500493.jpg,9.jpg,FOUND,
10,საბურავის ლატკა MR 18 RADYAL YAMASI,5,,https://lzd-img-global.slatic.net/g/ff/kf/Sbb6da9c1537940dc8f41a0bb837df8cbB.jpg_720x720q80.jpg,10.jpg,FOUND,
11,საბურავის ლატკა MR 20 RADYAL YAMASI,7,,https://www.canotom.com.tr/idea/cd/75/myassets/products/089/gnr20.png?revision=1754902144,11.jpg,FOUND,
12,საბურავის ლატკა MR 25 RADYAL YAMASI,22,,https://ideacdn.net/idea/cd/75/myassets/products/091/gnr25.png?revision=1697143329,12.jpg,FOUND,
13,საბურავის ლატკა MR 35 RADYAL YAMASI,22,,,,NOT FOUND,
14,საბურავის ლატკა MR 40 RADYAL YAMASI,22,,https://ideacdn.net/idea/cd/75/myassets/products/095/gnr40.png?revision=1697143329,14.jpg,FOUND,
15,RAC 86 YAMA,55,,,,NOT FOUND,
17,საბურავის ლატკა MR 45 RADYAL YAMASI,35,,https://swistowski.pl/img/p/1/0/8/108.jpg,17.jpg,FOUND,
18,საბურავის ლატკა MU A0 CIVI DELIGI YAMASI,10,,https://swistowski.pl/img/p/4/8/48.jpg,18.jpg,FOUND,
19,საბურავის ლატკა M2 TABAKA YAMA 25 LI,10,,https://cdn.dsmcdn.com/ty973/product/media/images/20230727/2/397092919/311486230/1/1_org_zoom.jpg,19.jpg,FOUND,
20,საბურავის ლატკა L3 TABAKA YAMA 16 LI,9,,https://n11scdn.akamaized.net/a1/450/16/75/09/62/IMG-2705001601730504667.jpg,20.jpg,FOUND,
21,რეზინის ფურცელი L OVAL TABAKA YAMA 24 LU,8,,http://enyakinbursalastikci.com/uploads/fm/oval-ic-lastik-yamalari.jpg,21.jpg,FOUND,
22,MLX UR4 YAMA,0.5,,,,NOT FOUND,
23,რეზინის ფირ ფიტა BP1 YAMA MLX,1.25,,,,NOT FOUND,
24,MLX RD 10 YAMA  რეზინის ფირ ფიტიანი,1.8,,,,NOT FOUND,
25,MLX RD 35 YAMA  რეზინის ფირ ფიტიანი,12,,,,NOT FOUND,
26,წებო 200CC VALCARN,25,,https://lzd-img-global.slatic.net/g/p/9e69bf1d52da50b89a3effd030f3a289.jpg_720x720q80.jpg,26.jpg,FOUND,
27,წებო 200CC SUPER VALCARN,25,,https://ideacdn.net/idea/lg/30/myassets/products/267/200ml-super-valkarn-lastik-tamir-yama-solusyonu-maruni64f8e458ef8c1.jpeg?revision=1709288584,27.jpg,FOUND,
28,წებო 1000CC SUPER VALCARN,90,,https://cdn.dsmcdn.com/ty1623/prod/QC/20250113/15/ad1c81f1-f62c-3adb-b3ce-aba7e3ecbbb3/1_org_zoom.jpg,28.jpg,FOUND,
29,წებო 225 GR OZEL MAVI CEMENT SOLUSYON,25,,https://byrox.com.tr/image/cache/catalog/Byrox/mavi-lastik-1200x1200.png,29.jpg,FOUND,
30,წებო საბურავის ფირ ფიტისთვის 650 GR OZEL MAVI CEMENT SOLUSYON,80,,https://shop.redats.com/eng_pl_Vulcanizing-glue-Special-Cement-OTR-650g-2197_4.jpg,30.jpg,FOUND,
31,წებო 1000 ML YESIL CEMENT BETA,60,,,,NOT FOUND,
32,საბურავის ლატკა PFN 8 CIVI DELIGI YAMASI,2,,https://ideacdn.net/idea/cd/75/myassets/products/684/pfn-4.png?revision=1697143329,32.jpg,FOUND,
33,საბურავის ლატკა PFN 6 CIVI DELIGI YAMASI,1.2,,https://ideacdn.net/idea/cd/75/myassets/products/684/pfn-4.png?revision=1697143329,33.jpg,FOUND,
34,საბურავის ლატკა PFN 4 CIVI DELIGI YAMASI,0.8,,https://ideacdn.net/idea/cd/75/myassets/products/684/pfn-4.png?revision=1697143329,34.jpg,FOUND,
35,საბურავის ლატკა PFN 2 CIVI DELIGI YAMASI,0.8,,https://ideacdn.net/idea/cd/75/myassets/products/684/pfn-4.png?revision=1697143329,35.jpg,FOUND,
36,რეზინის ფირ ფიტა GAV R 10 RADYAL YAMASI,2,,https://timurrulman.com.tr/idea/ou/25/myassets/products/204/radyal-yama.jpg?revision=1752490111,36.jpg,FOUND,
37,რეზინის ფირ ფიტა GAV R 12 RADYAL YAMASI,3.5,,,,NOT FOUND,
38,რეზინის ფირ ფიტა GAV R 14 RADYAL YAMASI,4,,,,NOT FOUND,
39,რეზინის ფირ ფიტა GAV R 15 RADYAL YAMASI,4,,,,NOT FOUND,
40,რეზინის ფირ ფიტა GAV R 18 RADYAL YAMASI,4.5,,,,NOT FOUND,
41,რეზინის ფირ ფიტა GAV R 20 RADYAL YAMASI,5,,,,NOT FOUND,
42,რეზინის ფირ ფიტა GAV R 25 RADYAL YAMASI,12,,,,NOT FOUND,
43,რეზინის ფირ ფიტა GAV R 35 RADYAL YAMASI,15,,,,NOT FOUND,
44,რეზინის ფირ ფიტა GAV R 40 RADYAL YAMASI,15,,,,NOT FOUND,
45,რეზინის ფირ ფიტა GAV R 42 RADYAL YAMASI,20,,,,NOT FOUND,
46,რეზინის ფირ ფიტა GAV R 44 RADYAL YAMASI,18,,,,NOT FOUND,
47,რეზინის ფირ ფიტა GAV R 45 RADYAL YAMASI,3,,,,NOT FOUND,
48,რეზინის ფირ ფიტა GAV T 00 CIVI DELIGI YAMASI,0.4,,,,NOT FOUND,
49,რეზინის ფირ ფიტა GAV T 01 CIVI DELIGI YAMASI,0.8,,,,NOT FOUND,
50,რეზინის ფირ ფიტა GAV T 02 CIVI DELIGI YAMASI,0.6,,,,NOT FOUND,
51,GAV KO3 CIVI DELIGI YAMASI რეზინის ფირ ფიტა საბურავისთვის,4.5,,,,NOT FOUND,
52,GAV KO2 CIVI DELIGI YAMASI რეზინის ფირ ფიტა საბურავისთვის,3,,,,NOT FOUND,
53,GAV KO4 CIVI DELIGI YAMASI რეზინის ფირ ფიტა საბურავისთვის,6.5,,,,NOT FOUND,
54,GAV KO5 CIVI DELIGI YAMASI რეზინის ფირ ფიტა საბურავისთვის,8,,,,NOT FOUND,
55,RUZI MRR 45 RADYAL YAMA რეზინის ფირ ფიტა,29,,,,NOT FOUND,
56,რეზინის ფირ ფიტა RUZI MRR 42 RADYAL YAMASI,20,,https://i.ebayimg.com/images/g/wRgAAOSw9fxke0o0/s-l1600.jpg,56.jpg,FOUND,
57,რეზინის ფირ ფიტა RUZI MRR 44 RADYAL YAMASI,25,,,,NOT FOUND,
58,რეზინის ფირ ფიტა RUZI MRR 10 RADYAL YAMASI,2,,https://importacionesnaverossac.com/wp-content/uploads/2022/09/PARCHE-MRR-10-RUZI-1024x1024.jpg,58.jpg,FOUND,
59,რეზინის ფირ ფიტა UZI MRR 12 RADYAL YAMASI,3,,,,NOT FOUND,
60,რეზინის ფირ ფიტა RUZI MRR 14 RADYAL YAMASI,3,,,,NOT FOUND,
61,რეზინის ფირ ფიტა RUZI MRR 15 RADYAL YAMASI,4,,https://http2.mlstatic.com/D_NQ_NP_950020-MLM87183188086_072025-O.webp,61.jpg,FOUND,
62,რეზინის ფირ ფიტა RUZI MRR 20 RADYAL YAMASI,5,,https://http2.mlstatic.com/D_NQ_NP_941729-MLM87243578262_072025-O.webp,62.jpg,FOUND,
63,რეზინის ფირ ფიტა RUZI MRR 25 RADYAL YAMASI,6.5,,,,NOT FOUND,
64,რეზინის ფირ ფიტა RUZI MRR 35 RADYAL YAMASI,65,,https://http2.mlstatic.com/D_NQ_NP_887175-MLM87570648249_072025-O.webp,64.jpg,FOUND,
65,რეზინის ფირ ფიტა RUZI MRR 40 RADYAL YAMASI,14,,,,NOT FOUND,
66,საბურავის ლატკა RUZI MDR 04 RADYAL YAMASI,6.5,,,,NOT FOUND,
67,საბურავის წნევის საათი GOSTERGELI HAVA SAATI CIN,50,,https://cdn.dsmcdn.com/ty727/product/media/images/20230210/14/279009180/854995286/1/1_org_zoom.jpg,67.jpg,FOUND,
68,ჰაერის ბასმა მიწოდების ჯაკი 701 HAVA JAKI,25,,https://ekvatorlastik.com/images/Urunler/d4afb152-df32-4c3d-902e-5fc4a7cb505dhava%20basma%20jak%C4%B1.JPEG,68.jpg,FOUND,
69,წნევის საათი 208 HAVA SAATI,45,,https://ayvazotomotiv.com/wp-content/uploads/2024/02/Lastik-hava-saati-dbtg04.webp,69.jpg,FOUND,
70,ხელის ინსტრუმენტი FITIL ATMA EL ALETI,15,,https://egamotomarket.com/uploads/p/p/lastik-tamir-fitil-atma-el-aleti-seti_1.png,70.jpg,FOUND,
71,ხელის ინსტრუმენტი კომპლექტში FITIL ATMA SET (cin),25,,https://percdn.com/f/214116/b3NlVUptVXo4clZ3ZUdGckg4OG5icmdQYmNFPQ/p/arac-lastik-tamir-kiti-fitil-atma-seti-6-parca-67009-1.png,71.jpg,FOUND,
72,ხელის ინსტრუმენტი KANAL ACICI,8,,https://cdn.dsmcdn.com/ty1784/prod/QC_ENRICHMENT/20251104/14/2862d747-4452-3f61-976e-bcd088df5938/1_org_zoom.jpg,72.jpg,FOUND,
73,ხელის ინსტრუმენტის ბოლო SIS YEDEK UC,5,,https://atesleryedekparca.com/wp-content/uploads/VIRAJ-DEMIR-CUBUGU.fw_.png,73.jpg,FOUND,
74,საფარილებიანი ქვა SAPLI KIRMIZI TAS,6,,https://ideacdn.net/idea/fb/03/myassets/products/269/img-3693.jpg?revision=1697143329,74.jpg,FOUND,
75,საფარილებიანი ქვა SAPLI TAS BEYAZ,3,,https://cdn.dsmcdn.com/ty1369/product/media/images/prod/QC/20240618/15/ae37f6ef-01aa-3c13-9202-76d15e051d2d/1_org_zoom.jpg,75.jpg,FOUND,
76,ხელის ინსტრუმენტი YAMA MAKARASI,17,,https://cdn.dsmcdn.com/ty478/product/media/images/20220714/14/141691175/521293078/1/1_org_zoom.jpg,76.jpg,FOUND,
77,საბურავის სარქველი SUBAP IGNESI SOKECEGI ( TORNAVIDA PAFTA )1,2.5,,https://cdn.dsmcdn.com/mnresize/620/920/ty1696/prod/QC_ENRICHMENT/20250618/13/cfee114f-3899-3e62-87fb-1e064e798987/1_org_zoom.jpg,77.jpg,FOUND,
78,საბურავის სარქველი SUBAP IGNESI SOKECEGI IKI TARAFLI,2,,https://cdn.myikas.com/images/ff582df2-ccae-4356-b9d9-6f78ceb0b3b7/d85a5435-983f-4aa5-819a-5d3f98048d57/1080/lastik-subap-sibop-ignesi-sokme-takma-aparati-pafta-kirmizi.jpg,78.jpg,FOUND,
79,ჩემპიონის სარქველი HAVA UC MANDALI,5,,https://www.greentools.com.tr/image/cache/catalog/green/hava-uc-mandali-hortum-girisli-151-1000x1000.jpg,79.jpg,FOUND,
80,პლასტიკის სარქველის კარდიო PLASTIK SUBAP KAPAGI,0.1,,https://ideacdn.net/idea/cd/75/myassets/products/749/plastik-subap-kapagi-yesil-1.jpg?revision=1726125150,80.jpg,FOUND,
81,საბურავის სარქველი SUBAP IGNESI4,0.25,,https://www.cihazbilgi.com/wp-content/uploads/2024/04/subap-lastigi.jpg,81.jpg,FOUND,
82,საბურავის ლატკა IS MAKINASI SUBAP KAPAGI,3,,https://www.cihazbilgi.com/wp-content/uploads/2024/04/subap-lastigi.jpg,82.jpg,FOUND,
83,საბურავის ლატკა IS MAK SUBAP IGNESI,2.5,,https://www.cihazbilgi.com/wp-content/uploads/2024/04/subap-lastigi.jpg,83.jpg,FOUND,
84,საბურავის სარქველი IS MAKINA SUBAP ADAPTORU,5,,https://www.cihazbilgi.com/wp-content/uploads/2024/04/subap-lastigi.jpg,84.jpg,FOUND,
85,ხელის ინსტრუმენტი T TIP SUBAP PAFTASI,4,,https://www.cihazbilgi.com/wp-content/uploads/2024/04/subap-lastigi.jpg,85.jpg,FOUND,
86,50X10MM16 GRIT RASPA TASI საბურავის სახეხი ქვა რემასი,80,,https://www.lastikservisekipmanlari.com/idea/nq/84/myassets/products/119/rema-topuz-raspa-tasi-5950083-5984.jpeg?revision=1769776244,86.jpg,FOUND,
87,პლასტიკის ხელო PLASTIK KELEPCE 4.8X400MM,0.2,,https://cdn.myikas.com/images/f324f0a8-9c4f-4142-82d2-cc3a38392b06/8c6aacf1-5a0b-4eda-b470-3b523d9a5bff/3840/4.webp,87.jpg,FOUND,
88,სარქველი SUBAP CEKECEGI,10,,https://lookaside.fbsbx.com/lookaside/crawler/media/?media_id=10159661632577772,88.jpg,FOUND,
89,კომპრესორის ფიტინგი 1/2 ERKEK STOPER GOVDE KAPLIN,15,,https://rico-magaza.com.tr/wp-content/uploads/2024/09/26581-hava-adaptoru-quick-kaplin-1-2-erkek-10310303-ekran-alintisi.png,89.jpg,FOUND,
90,JANT DUZELTME FLANSI საბურავის დისკის გასწორების მანქანა,800,,https://i0.shbdn.com/photos/17/99/97/x5_1271179997d2c.jpg,90.jpg,FOUND,
91,კომპრესორის ფიტინგი 8MM HORTUM ICIN STOPER GOVDE KAPLIN,15,,https://www.hakantorna.com.tr/wp-content/uploads/2024/09/1959_princ-ha-5450_1.jpg,91.jpg,FOUND,
92,კომპრესორის ფიტინგი 10MM HORTUM UC STOPER GOVDE ( KAPLIN ),15,,https://www.hakantorna.com.tr/wp-content/uploads/2024/09/kompresor-stoper-hava-jaki-hortum-govde-8-mm-2-adet-kcm33848444-1-17b90fb8b5ff4a6990a4fb3bc2d1a4a0-931x1024.jpg,92.jpg,FOUND,
93,კომპრესორის ფიტინგი 13MM HORTUM UC STOPER GOVDE ( KAPLIN ),10,,https://www.hepnalbur.com/idea/lp/47/myassets/products/592/ludecke-es-13-t-stoper-govde-hortum-icin-13mm-hizli-baglanti-elemanlari-ludecke-4481634-13-b.jpg?revision=1741044629,93.jpg,FOUND,
94,კომპრესორის ფიტინგი HORTUM ICIN KAPLIN UC,5,,https://productimages.hepsiburada.net/s/551/550/110000613167377.jpg,94.jpg,FOUND,
95,ჰაერის გამანაწილებელი 3 LU HAVA DAGITICI,15,,https://percdn.com/f/247349/cG96YWFtNG0vcUp3ZUdGckg4OG5icmdQYmNFPQ/p/lastik-sokme-takma-makinasi-pedal-hava-dagitici-e-tipi-70847413-sw500sh500.png,95.jpg,FOUND,
96,კომპრესორის ფიტინგი KAPLIN ICIN UC,5,,https://cdn.dsmcdn.com/ty1599/prod/QC/20241111/22/6a88c4a8-c1d3-3967-9530-db04433cf907/1_org_zoom.jpg,96.jpg,FOUND,
97,კომპრესორის ფიტინგი 1/2 ERKEK KAPLIN ICIN UC,8,,https://img.pzrmcdn.com/mnresize/1180/1182/asset/PZRM-MPBQM80305/images/12sarikaplnerkeku-1.png,97.jpg,FOUND,
98,კომპრესორის ფიტინგი 1/4 ERKEK KAPLIN ICIN UC,5,,https://ideacdn.net/idea/gl/54/myassets/products/973/em-26-eu-1-4.jpg?revision=1727881656,98.jpg,FOUND,
99,ჰაერის ვარვარა HAVA VURMA UCU,6,,https://cdn.dsmcdn.com/ty1804/prod/QC_PREP/20251225/16/9eac4e1a-d5f4-39f9-a171-c9db1140c607/1_org_zoom.jpg,99.jpg,FOUND,
100,ბალანსირების ჩაქუჩი BALANS KURSUN CEKICI 1.KALITE,50,,https://www.kaynakmagazam.com/idea/mj/39/myassets/products/504/nt-tools-lastik-balans-ve-kursun-cekici-ntf1007.png?revision=1734002533,100.jpg,FOUND,
101,საბურავის ბალანსირების მანქანის ფანჯარა BALANS MAKINASI KELEBEGI CAP 36 VE 38,200,,https://www.ikinciellift.com/upload/urun/b/f8485ad4eea6529ef594317b644c9706.JPG,101.jpg,FOUND,
102,ბორტყუჩა BALANS MAKINA CETVELI,30,,https://lastikekipmanlari.com/wp-content/uploads/2025/04/33-3.png,102.jpg,FOUND,
103,საბურავის ვენტი 55 MM OTOBUS-KAMYON DUBLEKS SUBAP,5,,https://www.gazetelojistik.com/wp-content/uploads/2024/11/Petlas-yeni-otobus-lastigi.jpg,103.jpg,FOUND,
104,საბურავის ვენტი 70 MM OTOBUS-KAMYON DUBLEKS SUBAP,35,,https://www.gazetelojistik.com/wp-content/uploads/2024/11/Petlas-yeni-otobus-lastigi.jpg,104.jpg,FOUND,
105,საბურავის ვენტი 90 MM OTOBUS-KAMYON DUBLEKS SUBAP,5.5,,https://www.gazetelojistik.com/wp-content/uploads/2024/11/Petlas-yeni-otobus-lastigi.jpg,105.jpg,FOUND,
106,საბურავის ვენტი 115 MM OTOBUS-KAMYON DUBLEKS SUBAP,5.5,,https://www.gazetelojistik.com/wp-content/uploads/2024/11/Petlas-yeni-otobus-lastigi.jpg,106.jpg,FOUND,
107,TR 218 A LASTIK SOGUK TABANLI TRAKTOR SUBAP,15,,https://www.fordparcacim.com/idea/ey/80/myassets/products/256/20250807-152521-photoaidcom-photoaid-remove-background.jpg?revision=1755863201,107.jpg,FOUND,
108,საბურავის ვენტი METAL TAKSI SUBAP,2.5,,https://www.fordparcacim.com/idea/ey/80/myassets/products/256/20250807-152521-photoaidcom-photoaid-remove-background.jpg?revision=1755863201,108.jpg,FOUND,
109,საბურავის ვენტი TR 414 DUBLEKS SUBAP,0.35,,https://ideacdn.net/idea/cd/75/myassets/products/959/tr414c.png?revision=1712298792,109.jpg,FOUND,
110,საბურავის ვენტი TR 415 DUBLEKS SUBAP,1,,https://platincdn.com/1209/pictures/VTHCPKNVSD4152022125024_tr-414-tubeless-lastik-subap-seti-4-adet__03841634.jpg,110.jpg,FOUND,
111,საბურავის ვენტი HORTUMLU ILAVE SUBAP,10,,https://lookaside.fbsbx.com/lookaside/crawler/media/?media_id=10159661632577772,111.jpg,FOUND,
112,საბურავის ვენტი JUMBO DORSE SUBAP 42MM,5,,https://www.kamyonlastigi.com/wp-content/uploads/2022/10/245-70-r-19.5-jumbo-lastigi-1536x2048.jpg,112.jpg,FOUND,
113,საბურავის ვენტი JUMBO DORSE SUBAP EGRI 90 MM,7,,https://www.nurbisiklet.com/idea/mz/47/myassets/products/310/cst-200-x-50-ic-lastik-egri-subap-eng-efee-4.jpg?revision=1760369010,113.jpg,FOUND,
114,საბურავის ვენტი TR 218 A LASTIK TABANLI TRAKTOR SUBAP,4,,https://n11scdn.akamaized.net/a1/0/otomotiv-motosiklet/traktor-lastik/traktor.png,114.jpg,FOUND,
115,საბურავის ვენტი TR 218 METAL TABANLI TRAKTOR SUBAP,10,,https://www.pumalas.com.tr/images/Urunler/e5fb7f4d-c5ea-48b8-b9a3-1a483a73ff55sbg618a.png,115.jpg,FOUND,
116,საბურავის ვენტი TR 618 TRAKTOR DUBLEKS SUBAP,10,,https://www.canotom.com.tr/idea/cd/75/myassets/products/757/tr618.png?revision=1748960264,116.jpg,FOUND,
117,საბურავის ვენტი ALUMINYUM JANT SUBAP 90MM TR543,8,,https://jantburada.com.tr/wp-content/uploads/2023/07/aluminyum-jant.webp,117.jpg,FOUND,
118,საბურავის ვენტი TRJ 650 IS MAKINE SUBAP,25,,https://www.cihazbilgi.com/wp-content/uploads/2024/04/subap-lastigi-degisim-fiyati-768x433.jpg,118.jpg,FOUND,
119,1/4 HAVALI KALIPCI TASLAMA - DHT სახეხი ინსტრუმენტი,90,,https://ideacdn.net/idea/dw/37/myassets/products/339/7cbaec09a6a84614bd9e4278c9cec98e.jpg?revision=1697143329,119.jpg,FOUND,
120,საბურავის ვენტი TR 75 METAL TABANLI SUBAP,5,,https://www.canotom.com.tr/idea/cd/75/myassets/products/168/kivrikmetalilave.png?revision=1764923992,120.jpg,FOUND,
121,საბურავის ვენტი TR 13 SUBAP LASTIK TABANLI,3,,https://lookaside.fbsbx.com/lookaside/crawler/media/?media_id=10159661632577772,121.jpg,FOUND,
122,საბურავის სარქველი PVR 70 MOTORSIKLET SUBAP,4,,https://cdn.dsmcdn.com/ty1410/product/media/images/prod/QC/20240709/18/37f5ff22-5fe1-333a-8c3c-fd87309c6fe3/1_org_zoom.jpg,122.jpg,FOUND,
123,მეტალის ვერტიკალური სარქველი METAL ILAVE SUBAP EGRI TIP 67,7,,https://www.byhirdavat.com/idea/aa/75/myassets/products/916/ic-lastik-3-50-4-00-10-egri-supap-byhirdavat.jpg?revision=1732515147,123.jpg,FOUND,
124,ვენტი TR 78 LASTIK TABANLI SUBAP,15,,https://lookaside.fbsbx.com/lookaside/crawler/media/?media_id=10159661632577772,124.jpg,FOUND,
125,ვენტი TR 75 LASTIK TABANLI SUBAP,10.4,,https://lookaside.fbsbx.com/lookaside/crawler/media/?media_id=10159661632577772,125.jpg,FOUND,
126,საბურავის სარქველი PIPO SUBAP 14-3 9.5 CM,17,,https://www.parcaofisi.com/Dosyalar/yedek-parca-resim/urun/buyuk/subap-takimi.webp,126.jpg,FOUND,
127,საბურავის სარქველი PIPO JUMBO SUBAP  KISA,18,,https://www.cihazbilgi.com/wp-content/uploads/2024/04/subap-lastigi.jpg,127.jpg,FOUND,
128,პლასტიკის ვერტიკალური PLASTIK ILAVE SUBAP,1,,https://lookaside.fbsbx.com/lookaside/crawler/media/?media_id=10159661632577772,128.jpg,FOUND,
129,KAYIS რეზინის ღვედი,1.5,,https://www.fiatparcacim.com/wp-content/uploads/2013/05/51894542.jpeg,129.jpg,FOUND,
130,GUC KAYNAGI უწყვეტი კვების წყარო,0.1,,https://blog.monsternotebook.com.tr/wp-content/uploads/guc-kaynagi-1024x1024.jpg,130.jpg,FOUND,
131,ACMA KAPAMA BUTONU ჩამრთველი,45,,https://n11scdn.akamaized.net/a1/602_857/16/33/38/90/IMG-4509844153793473062.jpg,131.jpg,FOUND,
132,საბურავის სარქველი ჩემპიონ SENSORLU SUBAPI KAUCUK TIP,6,,https://onurkaucuk.com/wp-content/uploads/2025/08/Papatya-Tip-Kaplin-Lastikleri-1.jpg,132.jpg,FOUND,
133,საბურავის ფანქარი LASTIK TEBESIRI,3,,https://www.lastikyolla.com/class/INNOVAEditor/assets/kis-lastigi-fiyatlari.jpg,133.jpg,FOUND,
134,საფარი ქვა BEYAZ KOPUK TAS,25,,https://www.nadirtoptan.com/foxter-zenne-z-9001-kopuk-taban-tasli-kutulu-gunluk-terlik-beyaz-renkli-tas-gunluk-foxter-296756-12-B.jpg,134.jpg,FOUND,
135,საბურავის დასამონტაჟებელი კრემი LASTIK MONTAJ KREMI 5KG.SARI,35,,https://brioshop.com.tr/wp-content/uploads/2024/09/brio-lastik-montaj-kremi-sari-5-kg-12465-2.jpeg,135.jpg,FOUND,
136,10 CM KISA FITIL USA რეზინის ფიტილი,0.4,,https://www.renticar.com/cms/large_Kis_Lastigi_Secerken_Nelere_Dikkat_Edilmeli_1500x1000px_blog_gorsel_7887f3b712.jpg,136.jpg,FOUND,
137,მეტალის ვერტიკალური სარქველი 10 CM METAL SUBAP ILAVESI,0.8,,https://cdn.dsmcdn.com/ty478/product/media/images/20220714/11/141482930/521212263/1/1_org_zoom.jpg,137.jpg,FOUND,
138,მეტალის ვერტიკალური საფესტო კლიპით 14 CM METAL SUBAP ILAVESI,8,,https://ekvatorlastik.com/images/Urunler/sample.png,138.jpg,FOUND,
139,ქარჩის ანასწერი 4 LU ISTAVROZ BIJON ANAHTARI LOKMALI,60,,https://cdn.dsmcdn.com/ty1727/prod/QC_PREP/20250816/02/df45e2b5-5cc1-3f0f-86d1-11d9105c22a5/1_org_zoom.jpg,139.jpg,FOUND,
140,BOS HAVA TABANCASI SAPPOWER  ხელის ინსტრუმენტი ჰაერის ფისტოლი,25,,https://ideacdn.net/idea/kj/24/myassets/products/522/2-org-zoom-1.jpg?revision=1698269209,140.jpg,FOUND,
141,ხელის ინსტრუმენტი 38/20 LASTIK LEVYESI 500MM,35,,http://cdn1.xmlbankasi.com/p1/hasgulticaret/image/data/resimler/hsgl-bisiklet-lastik-sokme-levyesi-3lu-turuncu-plastik-bisiklet-tamir-seti-111876.jpg,141.jpg,FOUND,
142,ხელის ინსტრუმენტი 38/24 LASTIK LEVYESI 600MM,55,,https://parcavs.com/wp-content/uploads/2023/02/Altas-39-24-Agir-Vasitalar-Icin-Lastik-Levyesi-600-Mm-2.-El.jpeg,142.jpg,FOUND,
143,ხელის ინსტრუმენტი LASTIK LEVYESI 610MM,65,,http://cdn1.xmlbankasi.com/p1/hasgulticaret/image/data/resimler/hsgl-bisiklet-lastik-sokme-levyesi-3lu-turuncu-plastik-bisiklet-tamir-seti-111876.jpg,143.jpg,FOUND,
144,რეზინის ფიტილი 20CM LASTIK TAMIR FITILI UZUN INCE SIYAH,0.6,,https://cdn.dsmcdn.com/ty253/product/media/images/20211121/20/138708/320091834/1/1_org_zoom.jpg,144.jpg,FOUND,
145,საბურავის ფიტილი 1/2 HAVALI SOMUN SOKME SAP POWER,0.4,,https://www.hakantorna.com.tr/wp-content/uploads/2024/09/sappower-1-2-havali-somun-sokme-sikma-tabancasi-mini-kucuk-3.jpg,145.jpg,FOUND,
146,AT-7800 HAVALI SOMUN SOKME 1P GAV ხელის ავტომატური ინსტრუმენტი,1400,,https://www.canotom.com.tr/idea/cd/75/myassets/products/126/at241.png?revision=1697143329,146.jpg,FOUND,
147,რეზინის ფიტილი 20CM LASTIK TAMIR FITILI USA,0.8,,https://ideacdn.net/idea/lg/30/myassets/products/864/41d9c538776541f98aa1d06299b21c2a-jpg.jpeg?revision=1697143329,147.jpg,FOUND,
148,4500 SOKEN ხელის ავტომატური ინსტრუმენტის ფაიფური,450,,https://cdn.yeniakit.com.tr/images/news/625/lastik-yonetiminde-sir-perdesi-aralaniyor-4500-lastik-tek-cati-altinda-h1767879930-18789d.jpg,148.jpg,FOUND,
149,კონდიცირების მარეგულირებელი SARTLANDIRICI 1/4 (KUCUK),100,,https://ideacdn.net/idea/fw/70/myassets/products/653/metal-govde-festo-tip-pnomatik-ikili-sartlandirici-pnomatik-hava-hazirlayici-sartlandirici-dc-serisi-p1-max-16-bar-fiyati-ve-ozellikleri.jpg?revision=1709276441,149.jpg,FOUND,
150,ხელის ავტომატური ინსტრუმენტი 1/2 HAVALI SOMUN SUKME KUKEN,630,,https://www.sanayiden.com/images/product/e/er/erk/w_fa4c6e83-434e-4bd5-90ed-8be13e3b5d9a.jpg,150.jpg,FOUND,
151,საღამოს კომპლექტი KALIPCI TASLAMA HAVALI SET,110,,https://ideacdn.net/idea/cd/75/myassets/products/371/opt4.png?revision=1713967393,151.jpg,FOUND,
152,4500 CEKIC ხელის ავტომატური ინსტრუმენტის ფაიფური,165,,https://www.gozdeteknikhirdavat.com/pics/product/urun_detail_448.webp,152.jpg,FOUND,
153,ხელის ავტომატური ინსტრუმენტი 1/2 HAVALI SOMUN SOKME SAP POWER,345,,https://www.hakantorna.com.tr/wp-content/uploads/2024/09/sappower-1-2-havali-somun-sokme-sikma-tabancasi-mini-kucuk-3.jpg,153.jpg,FOUND,
154,ხელის ავტომატური ინსტრუმენტი GAV 241 1/2 HAVALI SOMUN,350,,https://www.canotom.com.tr/idea/cd/75/myassets/products/126/at241.png?revision=1697143329,154.jpg,FOUND,
155,ხელის ავტომატური ინსტრუმენტი GAV AT4500 1P HAVALI SOMUN SOKME,1300,,,,NOT FOUND,
156,ტყვიის წონერი YAPISTIRMA BALANS AGIRLIGI0,0.4,,https://cdn.dsmcdn.com/ty1144/product/media/images/prod/SPM/PIM/20240121/22/26ad9f48-3577-32e9-bb11-ebca41e14242/1_org_zoom.jpg,156.jpg,FOUND,
157,ტყვიის წონერი 5GR NORMAL BALANS AGIRLIGI,0.4,,https://ayvazotomotiv.com/wp-content/uploads/2023/03/cakma-balans-kursunu-5gr.webp,157.jpg,FOUND,
158,ტყვიის წონერი 10GR NORMAL BALANS AGIRLIGI,0.45,,https://wheelweightsmachine.com/cdn/shop/files/10gr.jpg?v=1695644696,158.jpg,FOUND,
159,ტყვიის წონერი 15GR NORMAL BALANS AGIRLIGI,0.45,,https://ayvazotomotiv.com/wp-content/uploads/2023/03/cakma-balans-kursunu-15gr.webp,159.jpg,FOUND,
160,ტყვიის წონერი 20GR NORMAL BALANS AGIRLIGI,0.5,,https://www.rotarypunch.com.tr/image/cache/data/lba/lastik-800x500.jpg,160.jpg,FOUND,
161,ტყვიის წონერი 25GR NORMAL BALANS AGIRLIGI,0.65,,https://www.rotarypunch.com.tr/image/cache/data/lba/lastik-800x500.jpg,161.jpg,FOUND,
162,3/4 HAVALI SOMUN SOKME OSACAR ხელის ავტომატური ინსტრუმენტი,650,,https://imvm.letgo.com/v1/files/47ff496de1d94-OLXAUTOTR/image,162.jpg,FOUND,
163,OSACAR 5113 1/2 HAVALI SOMUN SOKME ავტომატური ჩემპიონის ანასწერი,350,,https://productimages.hepsiburada.net/s/501/550/110000555265732.jpg,163.jpg,FOUND,
164,DIJITAL HAVA SAATI 0-150 DH ციფრული ხელსაწყო,65,,https://ayvazotomotiv.com/wp-content/uploads/2024/02/Lastik-hava-saati-dbtg04.webp,164.jpg,FOUND,
165,CKB-700 HAVA SAATI MEHAK,200,,https://ayvazotomotiv.com/wp-content/uploads/2024/02/Lastik-hava-saati-ckb700r.webp,165.jpg,FOUND,
166,ტყვიის წონერი 5GR TURBO BALANS AGIRLIGI,0.4,,https://ayvazotomotiv.com/wp-content/uploads/2023/03/cakma-balans-kursunu-5gr.webp,166.jpg,FOUND,
167,ტყვიის წონერი 10GR TURBO BALANS AGIRLIGI,0.5,,https://ayvazotomotiv.com/wp-content/uploads/2023/03/cakma-balans-kursunu-10gr.webp,167.jpg,FOUND,
168,ტყვიის წონერი 15GR TURBO BALANS AGIRLIGI,0.45,,https://ayvazotomotiv.com/wp-content/uploads/2023/03/cakma-balans-kursunu-15gr.webp,168.jpg,FOUND,
169,ტყვიის წონერი 20GR TURBO BALANS AGIRLIGI,0.5,,https://www.rotarypunch.com.tr/image/cache/data/lba/lastik-800x500.jpg,169.jpg,FOUND,
170,ბალანსირების ჩაქუჩი BALANS KURSUN,0,,https://cdn.cimri.io/image/1200x1200/badem10-ntf1007-nt-tools-balans-kursun-cekici-oto-lastik-denge-pensesi_725053708.jpg,170.jpg,FOUND,
171,ტყვიის წონერი 30GR TURBO BALANS AGIRLIGI,0.85,,https://n11scdn.akamaized.net/a1/602_857/14/71/37/65/IMG-1756843236751598479.jpg,171.jpg,FOUND,
172,ტყვიის წონერი 35GR TURBO BALANS AGIRLIGI,0.9,,https://n11scdn.akamaized.net/a1/602_857/14/71/37/65/IMG-1756843236751598479.jpg,172.jpg,FOUND,
173,6 MM ORING რეზინის შუშხუნანა,17,,https://b2b.pinartekstil.com.tr/tekis-lastik-yassi-telli-6-mm-50-mt-siyah-std-bebe-lastikleri-280048-10-B.jpg,173.jpg,FOUND,
174,750-16 KOLON საბურავის შუშხუნანა,20,,https://www.kaynarcalastik.com/wp-content/uploads/2021/04/ozka-knk28-2.jpg,174.jpg,FOUND,
175,ცხელი წყლის შლანგი 8MM HAVA HORTUMU,2.5,,https://cdn03.ciceksepeti.com/cicek/kcm38120934-1/L/kalite-kompresor-spiral-hava-hortumu-8mm-8mt-hava-tabancali-kompresor-recor-se-kcm38120934-1-ed70b35ad24641f1a66e293dedc4a34c.jpg,175.jpg,FOUND,
176,1/2 HAVA HORTUM ცხელი წყლის შლანგი,12,,https://cdn.dsmcdn.com/ty383/product/media/images/20220404/9/82386182/435654836/1/1_org_zoom.jpg,176.jpg,FOUND,
177,YKAMA HORTUM 15 MT რეზინის შლანგი,120,,https://www.kamyontiryedekparca.com/image/cache/catalog/10107049-1000x1000.jpg,177.jpg,FOUND,
178,პლასტიკის შლანგი 8x12 mm HAVA HORTUMU 15 MT,70,,https://rico-magaza.com.tr/wp-content/uploads/2025/12/pu-15-metre-8x12mm-kompresor-hava-hortumu.jpg,178.jpg,FOUND,
179,MAKARALI HAVA HORTUMU GAV რეზინის შლანგი,470,,https://www.gavteknik.com/foto/1753561915-sd25.jpg,179.jpg,FOUND,
180,რეზინის ბანდი 4CM KAUCUK BANT KUSINGAM,40,,https://estanbul.com.tr/wp-content/uploads/2023/12/kaucuk_lastik_bant.png,180.jpg,FOUND,
181,750/16 TR 15 IC LASTIK საბურავი მონაცემთან,45,,https://a.allegroimg.com/original/018c6d/d29f739b4a9691cb8c5b6b5d889f/Detka-Polska-KABAT-7-50-16-TR-15-750-16-R16-750x16,181.jpg,FOUND,
182,600-650/16 TR 15 IC LASTIK საბურავი მონაცემთან,10,,https://cdn.dsmcdn.com/ty1423/product/media/images/prod/QC/20240528/21/521c53af-cde8-30f1-8bee-5a8c6cd84323/1_org_zoom.jpg,182.jpg,FOUND,
183,რეზინის ფირ ფიტა 10CM KAUCUK BANT KUSINGAM 2.1KG,80,,https://img.pzrmcdn.com/mnresize/1180/1182/asset/100576839/images/bilardomasaskauukbantlastii-1.jpg,183.jpg,FOUND,
184,TR 621A SUBAP საბურავის სარქველი,22,,https://garagegagnant.com/10891-superlarge_default/valve-tr-621a-air-eau.jpg,184.jpg,FOUND,
185,რეზინის ბანდი KAUCUK KUSINGAM 6.5 KG,130,,https://www.ozdenambalaj.net/teko-200-mm-aaa-super-kasa-lastigi-1-kg-kaucuk-lastik-teko-5302-14-B.png,185.jpg,FOUND,
186,საბურავის ლატკა 1 NO TIPTOP T TIP,1.5,,https://down-id.img.susercontent.com/file/097f67ce84e4c2372bb3e8de42081096,186.jpg,FOUND,
187,საბურავის ლატკა 2 NO TIPTOP T TIP,2,,https://cdn.dsmcdn.com/ty971/product/media/images/20230725/13/396627517/982040908/1/1_org_zoom.jpg,187.jpg,FOUND,
188,საბურავის ლატკა 3 NO TIPTOP T TIP,10,,https://down-id.img.susercontent.com/file/097f67ce84e4c2372bb3e8de42081096,188.jpg,FOUND,
189,საბურავის ლატკა 4 NO TIPTOP T TIP,3.5,,https://down-id.img.susercontent.com/file/id-11134207-7ras9-m2umbn4ynpoxfb,189.jpg,FOUND,
190,საბურავის ლატკა 5 NO TIPTOP T TIP,3.5,,https://down-id.img.susercontent.com/file/fd2ebf248fc4937098b1fc5d600de6f3,190.jpg,FOUND,
191,საბურავის ლატკა 6 NO TIPTOP T TIP,4,,https://www.rema-tiptop.nl/image/2954ef92-c213-432b-bd4c-39b173e44fee/dd236cbc-6dcb-11e6-96ef-24a1bac094a5/transparent/false/5093041-1.jpg,191.jpg,FOUND,
192,საბურავის ლატკა 8 NO TIPTOP T TIP,4.5,,https://cdn.dsmcdn.com/ty971/product/media/images/20230725/13/396627517/982040908/1/1_org_zoom.jpg,192.jpg,FOUND,
193,საბურავის ლატკა 10 NO TIPTOP T TI,4.5,,https://karakayatekstil.com.tr/wp-content/uploads/2024/05/10-MT-NO1-KARTONLU-YASSI-LASTIK.jpeg,193.jpg,FOUND,
194,საბურავის დისკის გასწორების მანქანა JANT DUZELTME MAKINASI NITROMAC,6400,,https://i.ytimg.com/vi/qURpRZQKnrU/oardefault.jpg,194.jpg,FOUND,
195,დისკის გასწორების მანქანა ATEK KONIG 5700 JANT DUZELTME MAKINESI,11000,,https://lasmix.com/wp-content/uploads/2024/09/ATEK-Professional-Digital-10-26-Jant-Duzeltme-Makinesi-1-scaled-1.jpg,195.jpg,FOUND,
196,HIDROLIK KRIKO POMPASI 50 T ჰიდრავლიკური დომკრატის ფაიფური,600,,https://img.pzrmcdn.com/mnresize/1180/1182/asset/8684306090211/images/50tonhidrolikiekriko-1.jpg,196.jpg,FOUND,
197,სტაციონარული საბურავის ლასჩემო-მონტაჟი მანქანა MOBIL ALLEGRO 14-28 EKO,17000,,https://s.makinaturkiye.com/Product/242495/thumbs/atek_allegro_eco_14_28_lastik_sokme_takma_makinesi-58-900x675.jpg,197.jpg,FOUND,
198,83 00 ECO-SWING ECO TYRE CHANGER საბურავის ლასჩემო-მონტაჟი მანქანა,18000,,https://image.made-in-china.com/2f0j00ntckEQqHulra/Fostar-Customized-Left-Auxiliary-Arm-Strengthen-Swing-Arm-Tire-Changer-Machine.jpg,198.jpg,FOUND,
199,საბურავის ლასჩემო-მონტაჟი ATEK SPEEDY 14-56 LASTIK SOKME TAKMA MAKINASI,24000,,https://www.atekmakina.com/yuklemeler/urun-gorselleri/default/speedy-14-56.png,199.jpg,FOUND,
200,საბურავის შესაბანი-ჩასაჩემო მანქანის ფაიფური LASTIK SOKME TAKMA ICIN ALUMINYUM DISLI,600,,https://s.makinaturkiye.com/Product/242496/thumbs/atek_mobil_allegro_eco_14_26_lastik_sokme_takma_makinesi-1-900x675.jpg,200.jpg,FOUND,
201,JANT DUZELTME MAKINASI KONIG 5400 დისკის გასწორების მანქანა,10500,,https://lasmix.com/wp-content/uploads/2024/09/KONIG-54-00-10-24-scaled-1.jpg,201.jpg,FOUND,
202,ავტო სასურუტი OTO KUAFOR SUPURGE STAR,1300,,https://lookaside.fbsbx.com/lookaside/crawler/media/?media_id=186824323721912,202.jpg,FOUND,
203,საბურავის ლასჩემო ჩასაჩემო მანქანა SOKME TAKMA MAKINASI,7150,,https://cdn.myikas.com/images/82674d61-4da1-4e88-bff6-e0dfbb77953a/84313e9a-10f6-4d8e-9b48-3f10c3cea17b/image_1080.jpg,203.jpg,FOUND,
204,წყლის რეცხის მანქანა 200 BAR SOGUK BASINCLI YIKAMA MAK.AYDIN TRAFO,23500,,https://ideacdn.net/idea/ew/22/myassets/products/394/150bar-yuksek-basincli-yikama-makinasi-soguk-1.png?revision=1718539893,204.jpg,FOUND,
205,წყლის რეცხის მანქანა 250 BAR SOGUK BASINCLI YIKAMA MAKINESI AYDIN TRAFO,3200,,https://ideacdn.net/idea/ew/22/myassets/products/395/150bar-yuksek-basincli-yikama-makinasi-soguk-1.png?revision=1718540471,205.jpg,FOUND,
206,საბურავი 205/40R17 80H ROADSTONE N5000,280,,https://www.directtyre.co.nz/imagecache/ii_1_1409_5.jpg,206.jpg,FOUND,
207,500 LT HAVA KOMPRESOR ჰაერის კომპრესორი,8000,,https://cdn.dsmcdn.com/ty1139/product/media/images/prod/SPM/PIM/20240109/16/97554d14-8ed4-386c-b0fd-4ae79f1ea5e2/1_org_zoom.jpg,207.jpg,FOUND,
208,ჰაერის კომპრესორი 200LT HAVA KOMPRESORU 12 BAR AYDIN TRAFO,2800,,https://platincdn.com/3818/pictures/OBIOURZIQM8252021163017_AydinTrafo-22-300-5-5-300Lt-Hava-Kompresoru-L.jpg,208.jpg,FOUND,
209,ჰაერის კომპრესორი 300 LT HAVA KOMPRESORU 12 BAR AYDIN TRAFO,6200,,https://platincdn.com/3818/pictures/OBIOURZIQM8252021163017_AydinTrafo-22-300-5-5-300Lt-Hava-Kompresoru-L.jpg,209.jpg,FOUND,
210,DIKEY SANZUMAN KRIKOSU დომკრატი,750,,https://cdn.myikas.com/images/090fccf0-a16e-4b50-b882-09c10893983f/e82a9f6d-1bda-4dca-9ea7-6dfb8d84f015/image_3840.webp,210.jpg,FOUND,
211,ჰაერის კომპრესორი 100 LT HAVA KOMPRESORU (osaka),1200,,https://cdn.dsmcdn.com/ty1026/product/media/images/prod/SPM/PIM/20231030/16/b5b73bd5-2c40-3945-a19a-fd472119e52d/1_org.jpg,211.jpg,FOUND,
212,ჰაერის კომპრესორი 50 LT KOMPRESOR,350,,https://genelhirdavat.com.tr/images/resim/6752f560273a7.jpg,212.jpg,FOUND,
213,OMAX OM KS-100 KOPUK SIVI კიდის ფაიფური,550,,https://cdn.cimri.io/image/560x560/omax-ks-100-kopuk-sivi-puskurtme-tanklari_833844133.jpg,213.jpg,FOUND,
214,ჰაერის კომპრესორი 500ლტ HAVA KOMPRESOR,6500,,https://cdn.dsmcdn.com/mnresize/620/920/ty1608/prod/QC/20241201/23/07e61067-dc17-3f19-ab7a-776ee0deed0c/1_org_zoom.jpg,214.jpg,FOUND,
215,ზეთის ამოსაქაჩი ტუმბო OMAX KARTERDEN YAG EMME POMPASI (HUNISIZ),800,,https://platincdn.com/3818/pictures/WQHVWZCXNC8262021125024_ozsan-6390-yag-emme-pompasi-w.jpg,215.jpg,FOUND,
216,საქონალო მანქანა OMAX HAVALI GRES CIHAZI 30KG,700,,https://lookaside.fbsbx.com/lookaside/crawler/media/?media_id=1039071381596794,216.jpg,FOUND,
217,ზეთის ტუმბო OMAX  TURLU INCE YAG EMME POMPASI 18 LT,410,,https://cetinotohirdavat.com/wp-content/uploads/2025/07/Mekanik-Turlu-yag-pompasi.jpg,217.jpg,FOUND,
218,დომკრატი 2 TON ARABALI  KRIKO CIN,110,,https://www.megaotomarket.com/uploads/urunler/arabali-kriko-2-ton-plastik-kutu-17360.webp,218.jpg,FOUND,
219,დომკრატი 3 TON KRIKO HAVALI  BANDONI KANAL ICIN,610,,https://cdn.dsmcdn.com/ty1555/product/media/images/ty1554/prod/QC/20240918/17/2760ace0-393b-3706-8ff0-fdc87b5b6fff/1_org_zoom.jpg,219.jpg,FOUND,
220,3 ტონიანი დომკრატი 2 დგუშიანი 3 TON ARABALI KRIKO CIFT PISTONLU DHT,650,,https://cdn.dsmcdn.com/ty1595/prod/QC/20241031/13/f8d445de-e381-3b7b-85a3-6952e6844f36/1_org_zoom.jpg,220.jpg,FOUND,
221,7 MM ORING რეზინის შუშხუნანა,17,,https://karakayatekstil.com.tr/wp-content/uploads/2024/05/10-MT-YASSI-LASTIK-HILAL-7-MM.png,221.jpg,FOUND,
222,რეზინის შუშხუნანა 8 MM ORING,17,,https://m.media-amazon.com/images/I/71AJtXo6oTL._AC_.jpg,222.jpg,FOUND,
223,რეზინის შუშხუნანა 9 MM ORING5,17,,https://www.industrial-rubber.com/wp-content/uploads/2022/08/WRAS-Oring5.jpg,223.jpg,FOUND,
224,რეზინის შუშხუნანა 10 MM ORING,17,,https://m.media-amazon.com/images/I/71AJtXo6oTL._AC_.jpg,224.jpg,FOUND,
225,საწევრე ანი NET LIFT 1.60 MT 1TON LIFT,1650,,https://www.mtautoshop.com.tr/wp-content/uploads/2024/02/3ubiraradakampanyaJPG.jpg,225.jpg,FOUND,
226,საწევრე ანი BEST LIFT 2000 KI TRANSPALET,662,,https://dengeistif.com/images/hizmetler/6226efe845c6ccc00b5b70890d92db349.jpg,226.jpg,FOUND,
227,ჩემპიონის ანასწერი ცემალ 17MM 1/2 HAVALI LOKMA,10,,https://percdn.com/f/924016/b01XVUpHVTArYkI4Tmk4Z0hzOXBiZlJlYmNFPQ/p/rico-1-2-6-kose-derin-havali-lokma-17mm-rc2317-5313291257865-sw152sh500.png,227.jpg,FOUND,
228,ჩემპიონის ანასწერი 18MM 1/2 HAVALI LOKMA,10,,https://cdn03.ciceksepeti.com/cicek/kcm64344467-1/L/10-parca-12-derin-havali-lokma-seti-6-kose-havali-lokma-kcm64344467-1-adbbf014c4a941ec8abf6c3b0110d746.jpg,228.jpg,FOUND,
229,ჩემპიონის ანასწერი 19MM 1/2 HAVALI LOKMA,10,,https://percdn.com/f/924016/b01XVUpHVTArYkI4Tmk4Z0djOXJKYjRQSVl5OA/p/rico-1-2-6-kose-derin-havali-lokma-19mm-rc2319-8121559410967-sw287sh430.png,229.jpg,FOUND,
230,ჩემპიონის ანასწერი 21MM 1/2 HAVALI LOKMA,10,,https://ideacdn.net/idea/cd/75/myassets/products/816/kare-lokma-1-osaka-canotom-canotomotiv.jpg?revision=1697143329,230.jpg,FOUND,
231,ჩემპიონის ანასწერი 22MM 1/2 HAVALI LOKMA,10,,https://percdn.com/f/924016/b01XVUpHVTArYkI4Tmk4Z0hzOXBiZlJlYmNFPQ/p/rico-1-2-6-kose-derin-havali-lokma-22mm-rc2322-2232086010774-sw900sh900.png,231.jpg,FOUND,
232,ჩემპიონის ანასწერი 23MM 1/2 HAVALI LOKMA,10,,https://www.hadegrup.com/image/cache/catalog/image/catalog/hirdavat/izeltas-1-2-alti-kose-23-mm-havali-lokma-anahtar-2000x2000.jpg,232.jpg,FOUND,
233,ჩემპიონის ანასწერი 24MM 1/2 HAVALI LOKMA,5,,https://cdn03.ciceksepeti.com/cicek/kcm64344467-1/L/10-parca-12-derin-havali-lokma-seti-6-kose-havali-lokma-kcm64344467-1-adbbf014c4a941ec8abf6c3b0110d746.jpg,233.jpg,FOUND,
234,ჩემპიონის ანასწერი 17MM UZUN 1/2 LOMKA,15,,https://www.hakantorna.com.tr/wp-content/uploads/2025/12/arm-1-2-cr-v-17mm-uzun-derin-yildiz-lokma-2.jpg,234.jpg,FOUND,
235,ჩემპიონის ანასწერი 19MM 1/2 HAVALI LOKMA UZUN,17,,https://percdn.com/f/924016/b01XVUpHVTArYkI4Tmk4Z0djOXJKYjRQSVl5OA/p/rico-1-2-6-kose-derin-havali-lokma-19mm-rc2319-8121559410967-sw287sh430.png,235.jpg,FOUND,
236,ჩემპიონის ანასწერი 21MM 1/2 HAVALI LOKMA UZUN,15,,https://cdn03.ciceksepeti.com/cicek/kcm64344467-1/L/10-parca-12-derin-havali-lokma-seti-6-kose-havali-lokma-kcm64344467-1-adbbf014c4a941ec8abf6c3b0110d746.jpg,236.jpg,FOUND,
237,TRJ 651 IS MAKINE SUBAP საბურავის სარქველი,22,,https://www.cihazbilgi.com/wp-content/uploads/2024/04/subap-lastigi.jpg,237.jpg,FOUND,
238,BALANS MAKINASI MESSMATIC SIRION LX საბურავის ბალანსირების მანქანა,9000,,https://s.makinaturkiye.com/Product/227770/thumbs/sirion_lx_lastik_ve_jant_tamir_makinalari-93-900x675.jpg,238.jpg,FOUND,
239,14-56 KAMYON LASTIK SOKME TAK. MAK. KMAK საბურავის ლასჩემო-მონტაჟი მანქანა,19000,,https://www.teknolas.com.tr/upload/galeri/88ega-39aec-1g4b8-5a6g3-9266c.jpg,239.jpg,FOUND,
240,ჩემპიონის ანასწერი 3/4 21MM HAVALI LOKMA KISA,20,,https://ideacdn.net/idea/nj/93/myassets/products/922/21-mm-lokma.jpg?revision=1709551122,240.jpg,FOUND,
241,ჩემპიონის ანასწერი 3/4 22MM HAVALI LOKMA KISA,12,,https://ideacdn.net/idea/nj/93/myassets/products/922/21-mm-lokma.jpg?revision=1709551122,241.jpg,FOUND,
242,ჩემპიონის ანასწერი 24MM 3/4 HAVALI LOKMA UZUN,50,,https://izeltas.com.tr/wp-content/uploads/2024/06/3_4-Alti-Kose-Havali-Derin-Lokma-Anahtar-mm.png,242.jpg,FOUND,
243,ჩემპიონის ანასწერი 3/4 22MM HAVALI LOKMA UZUN,25,,https://www.gavteknik.com/foto/HAVALI-UZUN-LOKMA-4651.jpg,243.jpg,FOUND,
244,ჩემპიონის ანასწერი 3/4 27MM HAVALI LOKMA UZUN,25,,https://www.gavteknik.com/foto/HAVALI-UZUN-LOKMA-4651.jpg,244.jpg,FOUND,
245,ჩემპიონის ანასწერი 21MM 1P HAVALI LOKMA,60,,https://ideacdn.net/idea/cd/75/myassets/products/816/kare-lokma-1-osaka-canotom-canotomotiv.jpg?revision=1697143329,245.jpg,FOUND,
246,ჩემპიონის ანასწერი 24MM 1P HAVALI LOKMA,29,,https://www.elektrodepo.com/shop/ce/05/myassets/products/774/1-2-alti-kose-havali-lokma-anahtar-mm.png?revision=1727960006,246.jpg,FOUND,
247,ჩემპიონის ანასწერი 27MM 1P HAVALI LOKMA,50,,https://ideacdn.net/idea/ew/22/myassets/products/827/havali.jpg?revision=1708542947,247.jpg,FOUND,
248,ჩემპიონის ანასწერი 28MM 1P HAVALI LOMKA,25,,https://forkliftsatisyedekparca.com/upload/1740999635-67c58bd3c9e00.png,248.jpg,FOUND,
249,PLUS APARATI ATEK საბურავის შესაბანი-ჩასაჩემო მანქანის ფაიფური,1500,,https://s.makinaturkiye.com/Product/242491/thumbs/atek_speedy_14_56_-1-900x675.jpg,249.jpg,FOUND,
250,ჩემპიონის ანასწერი 35MM 1P HAVALI LOKMA,55,,https://www.elektrodepo.com/shop/ce/05/myassets/products/854/3-4-alti-kose-havali-lokma-anahtar-mm.png?revision=1737105660,250.jpg,FOUND,
251,ჩემპიონის ანასწერი 33MM 1P HAVALI LOKMA,50,,https://cdn03.ciceksepeti.com/cicek/kcm64344467-1/L/10-parca-12-derin-havali-lokma-seti-6-kose-havali-lokma-kcm64344467-1-adbbf014c4a941ec8abf6c3b0110d746.jpg,251.jpg,FOUND,
252,ჩემპიონის ანასწერი 35MM 1P HAVALI LOKMA,60,,https://www.elektrodepo.com/shop/ce/05/myassets/products/854/3-4-alti-kose-havali-lokma-anahtar-mm.png?revision=1737105660,252.jpg,FOUND,
253,ჩემპიონის ანასწერი ცემალ 36 მმ 36MM 1P HAVALI LOKMA,50,,https://www.cdnaws.com/i/ottolinecomtr/sample.png,253.jpg,FOUND,
254,ჩემპიონის ანასწერი 38MM 1P HAVALI LOKMA,55,,https://cdn03.ciceksepeti.com/cicek/kcm64344467-1/L/10-parca-12-derin-havali-lokma-seti-6-kose-havali-lokma-kcm64344467-1-adbbf014c4a941ec8abf6c3b0110d746.jpg,254.jpg,FOUND,
255,ჩემპიონის ანასწერი 41 MM 1P HAVALI LOKMA,35,,https://ideacdn.net/idea/nj/93/myassets/products/001/41-mm-havali-lokma-uzun-1-inc-parmak.jpg?revision=1701638067,255.jpg,FOUND,
256,21MM 1P HAVALI LOKMA UZUN KARE ჩემპიონის ანასწერი,15,,https://ideacdn.net/idea/cd/75/myassets/products/816/kare-lokma-1-osaka-canotom-canotomotiv.jpg?revision=1697143329,256.jpg,FOUND,
258,ჩემპიონის ანასწერი 32MM 1P HAVALI LOKMA UZUN,50,,https://ideacdn.net/idea/cd/75/myassets/products/796/uzun-lokma-1-uzun-osaka-canotom-canotomotiv.jpg?revision=1697143329,258.jpg,FOUND,
259,33MM 1P HAVALI LOKMA UZUN ჩემპიონის ანასწერი,60,,https://ideacdn.net/shop/av/17/myassets/products/127/beta-007280533-728sl-33mm-ince-uzun-havali-lokma.jpg?revision=1697143329,259.jpg,FOUND,
261,დომკრატის ფაიფური 3/4 CEKVALF KRIKO CIN,1450,,https://imvm.letgo.com/v1/files/dba65e4e0b3f4-OLXAUTOTR/image,261.jpg,FOUND,
262,ჩემპიონის ანასწერი 41mm 1p HAVALI LOKMA UZUN,55,,https://ideacdn.net/idea/nj/93/myassets/products/001/41-mm-havali-lokma-uzun-1-inc-parmak.jpg?revision=1701638067,262.jpg,FOUND,
263,დომკრატი 15-30-50 HIDROPNOMATIK ARABALI KRIKO,2800,,https://www.servisekipmanlari.com/images/thumbs/0002493_15-30-45-ton-hidropnomatik-kriko.jpeg,263.jpg,FOUND,
264,ჰაერის დომკრატის ჩამდები,180,,https://bau-cdn.veesk.net/media/product/61/61328754/1440/202502100425_61328754.jpg,264.jpg,FOUND,
265,საბურავის ლასჩემო-მონტაჟი ხელის ინსტრუმენტი KAMYON LASTIGI SOKME DUBLEKS APARATI,300,,https://ekvatorlastik.com/images/Urunler/sample-dubleks.png,265.jpg,FOUND,
266,ინსტრუმენტის ყუთი NETLIFT 19 ALET CANTASI,16,,https://ideacdn.net/idea/hb/23/myassets/products/680/cetaform-a26-tb19-alet-cantasi-maxi-cetafrm-alet-cantasi-10515.jpeg?revision=1719901493,266.jpg,FOUND,
267,მანომეტრი GOSTERGELI HAVA SAATI PRO TG 18,120,,https://cdn.dsmcdn.com/ty727/product/media/images/20230210/14/279009180/854995286/1/1_org_zoom.jpg,267.jpg,FOUND,
268,პროტექტორის აჭრელება LASTIK DIS ACMA BICAGI W SERISI,50,,https://www.malumatfurus.org/wp-content/uploads/2026/04/lastik-dis-acma.jpg,268.jpg,FOUND,
269,დომკრატის სტოპა 3 TON KATLAMALI SEHPA,40,,https://cdn.dsmcdn.com/ty1783/prod/QC_PREP/20251101/09/82c21e82-6f4a-372b-adae-1ea292f558c0/1_org_zoom.jpg,269.jpg,FOUND,
270,2 TON ARABALI KRIKO BASARAN დომკრატი,1400,,https://cdn.myikas.com/images/82674d61-4da1-4e88-bff6-e0dfbb77953a/4e41b954-c12c-44ac-a099-af2fb5a38e41/1080/basaran-troniko-2-ton-alcak-sase-arabali-kriko.jpg,270.jpg,FOUND,
271,კომპრესორის ხელო 10-16 HORTUM KELEPCESI,1,,https://ideacdn.net/idea/mc/62/myassets/products/226/110000094842423.jpg?revision=1724501078,271.jpg,FOUND,
272,წყლის რეცხის მანქანის ფაიფური YIKAMA TABANCASI (KOPUK),50,,https://platincdn.com/4477/pictures/DBLHN155241_bfs-bh2097-kopuk-hazneli-yikama-tabanc.png,272.jpg,FOUND,
273,რეცხის ფისტოლი TETIKSIZ YIKAMA TABANCASI,100,,https://cdn.dsmcdn.com/ty1485/product/media/images/prod/QC/20240817/22/4dd5f904-ea05-3728-8976-1a27a27321a0/1_org_zoom.jpg,273.jpg,FOUND,
274,3 TON ARABALI KRIKO ALCAK BASARAN დომკრატი,1400,,https://cdn.dsmcdn.com/ty1750/prod/QC_PREP/20250904/11/0fe8f542-8a8e-3a46-a8f5-013fc6a9413f/1_org_zoom.jpg,274.jpg,FOUND,
275,ჩემპიონის ანასწერი 4 LU BIJON ANAHTARI 2 KALITE,35,,https://cdn.dsmcdn.com/ty1318/product/media/images/prod/QC/20240517/12/bb3377d2-1257-35d7-9dc2-b5c655ed5f9e/1_org_zoom.jpg,275.jpg,FOUND,
276,UNITROL-2362 BALANCE MACHINE საბურავის ბალანსირების მანქანა,15000,,https://unitrol.pl/wp-content/uploads/2023/08/2362-L.png,276.jpg,FOUND,
277,ტორპედოს საწმენდი VORTEX TORPIDO BAKIM SUTU 1KG,20,,https://www.arkoecza.com/worf-torpido-bakim-sutu-sprey-500ml-ev-is-yeri-ve-arac-ici-urunler-worf-5672-56-B.jpg,277.jpg,FOUND,
278,AERO KLIMA FRESH LIMON 150 ML არომატიზატორი ლიმონი,10,,https://cdn.dsmcdn.com/ty1749/prod/QC_PREP/20250904/15/675fd630-7920-325a-9489-99ddcbfa62b1/1_org_zoom.jpg,278.jpg,FOUND,
279,AERO KLIMA FRESH ELMA 150 ML არომატიზატორი ვაშლი,10,,https://cdn.dsmcdn.com/ty188/product/media/images/20211005/17/140553573/254775392/2/2_org_zoom.jpg,279.jpg,FOUND,
280,AERO ALU. KLIMA FRESH LAVANTA 150 ML არომატიზატორი ლავანდა,10,,https://www.dvx.com.tr/Upload/Dosyalar/resim-png/aer1534-lavanta-150ml-41fb48d5-6125-4137-84b7-fb69c51ba9a3.png,280.jpg,FOUND,
281,AERO ALU. KLIMA FRESH COOL LIME 150 ML არომატიზატორი ცაცხვი,10,,https://www.eecustomcar.com/idea/pv/28/myassets/products/222/spark-mikrofiber-oto-kurulama-bezi-40x60-cm-20.png?revision=1736516903,281.jpg,FOUND,
282,DVX NANO GUMUS REFRES YOUR CAR 150 ML არომატიზატორი ანტიბაქტერიული,12,,https://www.autocher.com/image/cache/data/resimler/dvx-nano-gumus-ortam-hijyen-spreyi-parfumlu-150-ml-6028-1000x1000.jpg,282.jpg,FOUND,
283,AERO BENZIN YAKIT KATKISI 300 ML ბენზინის საწმენდი დანამატი,10,,https://cdn.myikas.com/images/d04c6fda-b3f5-428f-a437-947b875e46c7/705a5618-4671-4d95-8ea0-851167c1eba6/3840/benzin-enjektor-temizleyici.webp,283.jpg,FOUND,
284,საქონალო შამპუნი CARWASH V2 FIRCASIZ OTO YIKAMA URUNU 5KG SARI KOPUK,35,,https://cdn.cimri.io/image/1200x1200/divortex-car-wash-v2-5-kg-fircasiz-oto-yikama-kopugu_708987047.jpg,284.jpg,FOUND,
285,AERO DIZEL YAKIT  KATKISI 300 ML დიზელის საწმენდი დანამატი,10,,https://guneyoto.tr/14487-large_default/dizel-enjektor-temizleyici-yakit-katkisi-300ml.jpg,285.jpg,FOUND,
286,AERO YAG VE DUMAN KESICI 270 ML ზეთსა და კვამლს მცავი,0,,https://ideacdn.net/idea/kk/71/myassets/products/426/aero-yag-ve-duman-kesici-270-ml-4724.jpeg?revision=1726056068,286.jpg,FOUND,
287,საქონალო შამპუნი CARWASH V2 FIRCASIZ OTO YIKAMA URUNU 5KG YEISL KOPUK,35,,https://autocher.com/wp-content/uploads/2025/08/carwash-v2-fircasiz-oto-yikama-urunu-20-kg-7647-1.jpg,287.jpg,FOUND,
288,საქონალო შამპუნი CARWASH V2 FIRCASIZ OTO YIKAMA URUNU 1KG YESIL KOPUK,11,,https://autocher.com/wp-content/uploads/2025/08/carwash-v2-fircasiz-oto-yikama-urunu-20-kg-7647-1.jpg,288.jpg,FOUND,
289,VORTEX LASTIK PARLATICI 5KG საბურავის გასაბრწყინებელი,55,,https://ideacdn.net/idea/kk/71/myassets/products/243/vortex-lastik-parlatici-koruyucu-ve-siyahlastirici-5-kg-814.jpeg?revision=1747394415,289.jpg,FOUND,
290,საბურავის გასაბრწყინებელი VORTEX LASTIK PARLATICI 1KG,12,,https://ideacdn.net/idea/kk/71/myassets/products/243/vortex-lastik-parlatici-koruyucu-ve-siyahlastirici-5-kg-814.jpeg?revision=1747394415,290.jpg,FOUND,
291,DIVORTEX FREN BALATA TEMIZLEME SPREYI 500 MI სამუხრუჭე ბალდიშის საწმენდი სპრეი,2,,https://www.divortex.com.tr/Upload/Dosyalar/resim-jpg/-ab8d1107-d8ce-4dd3-b25f-33e8d6531287.jpg,291.jpg,FOUND,
292,DVX EKONOMIZER 400 ML ეკონომაიზერი,11,,https://www.dvx.com.tr/Upload/Dosyalar/resim-png/1000-0cbf0f8b-e046-4671-ba0d-66c807f699b3.png,292.jpg,FOUND,
293,სალონის საწმენდი შამპუნი FULL CLEAN MOTOR TEMIZLEYICI 1 KG,12,,https://cdn.dsmcdn.com/ty1550/product/media/images/ty1548/prod/QC/20240916/23/a20a54db-0e00-3629-aed7-60007ca34b92/1_org_zoom.jpg,293.jpg,FOUND,
294,AERO MOTOR ICI TEMIZLEME 300 ML მისუფავი,17,,https://cdn.myikas.com/images/277b8a27-d280-48ab-a58c-53c81b269740/1a2b1076-65ea-42c3-b11b-c16a1ad3c4eb/image_3840.webp,294.jpg,FOUND,
295,DVX KLIMA TEMIZLEME KOPUK SPREY 400 ML კონდიცირების საწმენდი სპრეი,0,,https://cdn.cimri.io/image/560x560/divortex-400-ml-klima-temizleme-kopuk-sprey_898120757.jpg,295.jpg,FOUND,
296,საქონალო შამპუნი CARWASH V6 ME-TE FIRCASIZ OTO YIKAMA URUNU 25 KG KOPUK,110,,https://cdn.cimri.io/image/560x560/divortex-car-wash-v6-25-kg-fircasiz-oto-yikama-kopugu_718000358.jpg,296.jpg,FOUND,
297,AERO GENIS ALAN KOKUSU SPREYLIMON 500 ML  ჰაერის არომატიზატორი,2,,https://www.dvx.com.tr/Upload/Dosyalar/resim-jpg/genis-alan-koku-giderici-limon-4039ed0b-5fbe-4f73-afa6-34310d2d4dfb.jpg,297.jpg,FOUND,
298,AERO GENIS ALAN KOKUSU ODOR GUARD 500 ML  ჰაერის არომატიზატორი,12,,https://ideacdn.net/idea/kk/71/myassets/products/326/aero-genis-alan-kokusu-odor-guard-500-ml-5763.jpeg?revision=1729783566,298.jpg,FOUND,
299,საბურავის გასაბრწყინებელი შამპუნი RED SHINE LASTIK PARLATICI 5KG,60,,https://autocher.com/wp-content/uploads/2025/07/divortex-red-shine-lastik-parlatici-1-lt-7292.jpg,299.jpg,FOUND,
300,DIVORTEX COK AMACLI BAKIM SPREYI 400 ML მრავალფუნქციური მოვლის სპრეი,10,,https://cdn.myikas.com/images/d6b05d26-b232-43f3-ba32-9e13615a197d/17609243-224c-403b-adfa-1820cf01908c/1080/resim-2025-10-31-134038051.jpg,300.jpg,FOUND,
301,ტორპედოს საწმენდი VORTEX TORPIDO BAKIM SUTU 5KG,60,,https://productimages.hepsiburada.net/s/2/424-600/9557874769970.jpg,301.jpg,FOUND,
302,DCX COK AMACLI BAKIM SPREYI DVX40 200 ML მრავალფუნქციური მოვლის სპრეი,0,,,,NOT FOUND,
303,არომატიზატორი BASIS CAR DEEP OCEAN OTO PARFUMU 5LT,40,,https://cdn.myikas.com/images/d6b05d26-b232-43f3-ba32-9e13615a197d/cde27148-83e5-42d8-a45d-dac852e69f1b/1080/resim-2025-11-01-003736597.jpg,303.jpg,FOUND,
304,DIVORTEX GUCLU POS SOKUMU VE ONLEYICI SPREY 400 ML მტრედმავი სპრეი,12,,https://ideacdn.net/idea/kk/71/myassets/products/987/divortex-guclu-pas-sokucu-ve-onleyici-sprey-400-ml-x-3-adet-3375.jpeg?revision=1707553796,304.jpg,FOUND,
305,DVX MOS2 GUCLI PAS SOKUCU VE ONLEYICI SPREY 200 ML ჟანგის საწმენდი სპრეი,8,,https://cdn.cimri.io/image/560x560/divortex-mos2-200-ml-guclu-pas-sokucu-ve-onleyici-sprey_783105638.jpg,305.jpg,FOUND,
306,AERO MDF KIT 200 ML + 50 GR წებოს მაერთიანი ნაკრები,10,,https://www.tugrahirdavat.com/uploads/urunler/hizli-yapistirici-200-ml-50-mdf-yapistirici-bybest-35279.webp,306.jpg,FOUND,
307,არომატიზატორი BASIS CAR COMFORT SPRING OTO PARFUMU 5LT,40,,https://www.mvsotomotiv.com.tr/wp-content/uploads/2018/10/sakiz-aromali-parfum.jpg,307.jpg,FOUND,
308,არომატიზატორი BASIS CAR MELON OTO PARFUMU 5LT,40,,https://www.divortex.com.tr/Upload/Dosyalar/resim-png/basismelon-2442494d-070b-45cd-b335-d8e42df37ec2.png,308.jpg,FOUND,
309,AERO BASKISIZ BUZ COZUCU SPREY 400 ML ყინულის ამხსნელი სპრეი,0.3,,https://autocher.com/wp-content/uploads/2025/08/dvx-guclu-buz-cozucu-aerosol-sprey-400-ml-7486.jpg,309.jpg,FOUND,
310,AERO EKRAN TEMIZLEME  SPREY 400 ML ეკრანის საწმენდი სპრეი,0,,https://ideacdn.net/idea/gl/54/myassets/products/432/brio-lastik-parlatici-sprey-400-ml-9138.jpg?revision=1738667789,310.jpg,FOUND,
311,AERO MOTOSIKLET ZINCER TEMIZLEME 500 ML ჯაჭვის გასაწმენდი,2.5,,https://cdn.dsmcdn.com/ty1688/prod/QC_PREP/20250602/16/d30d21f2-6e06-3533-a18a-e9c54eea4dfa/1_org_zoom.jpg,311.jpg,FOUND,
312,ძრავის საწმენდი შამპუნი FULL CLEAN MOTOR TEMIZLEYICI 1 KG,12,,https://cdn.dsmcdn.com/ty1550/product/media/images/ty1548/prod/QC/20240916/23/a20a54db-0e00-3629-aed7-60007ca34b92/1_org_zoom.jpg,312.jpg,FOUND,
313,ძრავის საწმენდი შამპუნი VORTEX  MOTOR TEMIZLEME 5KG S,55,,https://autocher.com/wp-content/uploads/2025/08/divortex-susuz-motor-temizleme-urunu-5-kg-7269.jpg,313.jpg,FOUND,
314,DIVORTEX YAGSIZ KONTAK TEMIZLEME SPREYI 400 ML უცხიმო კონტაქტის საწმენდი,10,,https://cdn03.ciceksepeti.com/cicek/kc762741-1/L/divortex-yagsiz-kontak-temizleme-spreyi-400-ml-kc762741-1-c528534435ba487e9ff0603ae597e527.jpg,314.jpg,FOUND,
315,DIVORTEX YAGSIZ KONTAK TEMIZLEME SPREYI 200 ML უცხიმო კონტაქტის საწმენდი,8,,https://autocher.com/wp-content/uploads/2025/08/divortex-yagli-kontak-temizleme-spreyi-200-ml-5520.jpg,315.jpg,FOUND,
316,AERO KONTAK TEMIZLEME 400 ML YAGLI კონტაქტის საწმენდი ცხიმი,10,,https://calstore.com.tr/wp-content/uploads/2025/03/kontak-temizleme-yagli.jpg,316.jpg,FOUND,
317,საქონალო შამპუნი CARWASH V2 FIRCASIZ OTO YIKAMA URUNU 25KG YESIL KOPUK,90,,https://autocher.com/wp-content/uploads/2025/08/carwash-v2-fircasiz-oto-yikama-urunu-20-kg-7647-1.jpg,317.jpg,FOUND,
318,UNTD.COL.OF DVX ACTV.FOAM CARW SHM.GREEN 20 LT ცხელი საქონალო ქაფი მწვანე,90,,https://www.megateksa.com/media/catalog/product/cache/f479fffe34b916c2b3283e2d283a0c1e/6/0/606445_1.jpg,318.jpg,FOUND,
319,UNTD.COL.OF DVX ACTV.FOAM CARW SHM.RED 20 LT ცხელი საქონალო ქაფი წითელი,90,,https://m.media-amazon.com/images/I/71zXeze1NIL._AC_.jpg,319.jpg,FOUND,
320,პლასტიკის ჩურჩელი 500 ML FISFIS VE SISE,2,,https://n11scdn.akamaized.net/a1/1024/11/59/72/19/IMG-8755845940724401334.jpg,320.jpg,FOUND,
321,DIVORTEX YAGLI KONTAK TEMIZLEME SPREYI 200 ML მანქანის ელექტრო კონტაქტის საწმენდი,8,,https://autocher.com/wp-content/uploads/2025/08/divortex-yagli-kontak-temizleme-spreyi-200-ml-5520.jpg,321.jpg,FOUND,
322,სალონის არომატიზატორი FELICE MESE 150ML OTO PARFUMU,22,,https://autocher.com/wp-content/uploads/2025/08/divortex-felice-mese-oto-ve-ortam-parfumu-150-ml-5968.jpg,322.jpg,FOUND,
323,სალონის არომატიზატორი FELICE BELLA 150ML OTO PARFUMU,3,,https://www.divortex.com.tr/Upload/Dosyalar/resim-png/felice-bella-1c85190d-ed72-406f-8a30-124f5ac5190c.png,323.jpg,FOUND,
324,საბურავის საწმენდი DIVORTEX 200ML LASTIK PARLATICI,2,,https://www.mvsotomotiv.com.tr/wp-content/uploads/2018/10/divortex-red-shine-lastik-parlatici-1.jpg,324.jpg,FOUND,
325,დისკის საწმენდი შამპუნი WLS JANT TEMIZLEME 200ML,3,,https://cdn.dsmcdn.com/ty1170/product/media/images/prod/SPM/PIM/20240214/15/26687ff0-4c1c-370e-a068-8af3ccaacd5c/1_org_zoom.jpg,325.jpg,FOUND,
326,AERO KARBURATOR TEMIZLEME SPREY 500 ML საწმენდი სპრეი,2,,https://cdn.dsmcdn.com/ty1013/product/media/images/prod/SPM/PIM/20231012/17/7bce4ef6-88f1-3977-8142-3391ba66aae4/1_org_zoom.jpg,326.jpg,FOUND,
327,AERO ENJEKTOR TEMIZLEME SPREY 500 ML ენჟექტორის გასაწმენდი,0,,https://cdn.myikas.com/images/689cb084-f8ee-40f3-927c-bc1b578c3f05/8d1fa7b5-f2df-4243-85e2-ab64cbf31d01/3840/2.webp,327.jpg,FOUND,
328,AERO MOTOR TEMIZLEME SPREY 500 ML ძრავის საწმენდი სპრეი,10,,https://www.falkon-autokit.com/wp-content/uploads/2024/01/FA2-1254.jpg,328.jpg,FOUND,
329,საწმენდი ტილო DVX MIKROFIBER BEZ 50*70,15,,https://ideacdn.net/idea/kk/71/myassets/products/085/microfiber-bez-50x70-premium-3758.jpeg?revision=1726062839,329.jpg,FOUND,
330,საწმენდი ტილო GUDERI BEZ 50X70,25,,https://cdn.dsmcdn.com/ty1389/product/media/images/prod/QC/20240629/17/87894c38-488b-3d19-995a-99e3e33ad441/1_org_zoom.jpg,330.jpg,FOUND,
331,ხელის ინსტრუმენტი GAV AT 285 1P HAVALI SOMUN SOKME,790,,,,NOT FOUND,
332,გრესის ფისტოლი HAVALI MAZOT TABANCASI 500 GR,45,,https://yazanonline.com/500-cc-havali-gres-tabancasi-hava-ekipmanlari-cmc-1847-18-O.jpg,332.jpg,FOUND,
333,ტუმბოს ფაიფური GRES POMPA UCU 4 TIRNAK,5,,https://cdn.dsmcdn.com/mnresize/1200/1800/ty1502/product/media/images/prod/QC/20240824/21/5325f7c1-e7b3-3853-8d52-c538690d2366/1_org_zoom.jpg,333.jpg,FOUND,
334,საბურავის ლასჩემო-ჩასაჩემო მანქანის ფაიფური LASTIK SOKME TAKMA AYAGI,200,,https://cdn.dsmcdn.com/ty1674/prod/QC/20250508/17/5e1cdca0-a8c1-3b83-bebf-c336a292ed77/1_org_zoom.jpg,334.jpg,FOUND,
335,ადაპტერი ჩემპიონის ანასწერთათვის 3/4 TEN 1/2 YE HAVALI LOKMA ADAPTORU,40,,https://www.hakantorna.com.tr/wp-content/uploads/2024/09/022-RC4095.jpg,335.jpg,FOUND,
336,საბურავის შესაცვლელი უტოს რეზისტორი UTU REZISTANSI,17,,https://www.toptanelektrikmalzemeleri.com.tr/Resimler/Urunler/800W_SILTER_DOKUM_UTU_REZISTANSI1_980.jpg,336.jpg,FOUND,
337,კარდიო ჩემპიონი 14*1.50*28 FORD SOMUN,4,,https://jantcity.com/wp-content/uploads/2023/04/fd65592f-0f73-437c-87c7-ed84191d7f40.jpg,337.jpg,FOUND,
338,ჰერის ფისტოლი HAVA VURMA TABANCASI,20,,https://www.teknikmarketiniz.com/class/INNOVAEditor/assets/evveyasam/digerleri/manometreli-lastik-sisirme-tabancasi-genlesme-tanki-vb-icin-siboplu-hava-basmakontrol-tabancasi-fiyati.jpg,338.jpg,FOUND,
339,ჩემპიონის ანასწერი 29MM 1 P HAVALI LOKMA,44,,https://cdn03.ciceksepeti.com/cicek/kcm64344467-1/L/10-parca-12-derin-havali-lokma-seti-6-kose-havali-lokma-kcm64344467-1-adbbf014c4a941ec8abf6c3b0110d746.jpg,339.jpg,FOUND,
340,ინსტრუმენტის ფაიფური KAFES KAPAGI (HAVALI SOMUN SOKME ICIN),120,,https://cdn.cimri.io/image/560x560/retta-rfd5250-1-inc-havali-somun-sokme_953485789.jpg,340.jpg,FOUND,
341,კარდიო METAL SUBAP KAPAGI,0.25,,https://n11scdn.akamaized.net/a1/602_857/02/99/86/00/IMG-8786918123200504500.jpg,341.jpg,FOUND,
342,ჰაერის ვარვარა HAVA SAATI ICIN YEDEK HORTUM LUFT,10,,https://ayvazotomotiv.com/wp-content/uploads/2024/02/Lastik-hava-saati-dbtg04.webp,342.jpg,FOUND,
343,საბურავის ლატკა ჩემპიონი MBT 2 RADYAL YAMA CHAMPION,3,,https://cdn.dsmcdn.com/ty1412/product/media/images/prod/QC/20240710/15/5507b0f5-b473-36b9-9b32-76353185e951/1_org_zoom.jpg,343.jpg,FOUND,
344,დომკრატი 2 TON 360 DONERLI KRIKO,350,,https://dhtelaletleri.com.tr/wp-content/uploads/2018/04/D12002302-2-TON-360DONERLI-DUSUK-PROFIL-GARAJ-KRIKO-600x600.jpg,344.jpg,FOUND,
345,ხელის ავტომატური ინსტრუმენტი 1/2 HAVALI SOMUN SOKME OSC 5112 OSACAR,350,,https://n11scdn.akamaized.net/a1/602_857/13/23/29/02/IMG-3406409865886173338.jpg,345.jpg,FOUND,
346,კომპრესორის ფიტინგი 1/4 DISI KAPLIN UC,3,,https://www.hakantorna.com.tr/wp-content/uploads/2024/09/rico-022-rc3023-14-hava-hortum-stoper-disi-uc-kaplin-32-mm-kcm73623141-1-4a12a200d99a4449ab44f1cc7bee07d0.jpg,346.jpg,FOUND,
347,საბურავის ფიტილი 20 CM LASTIK TAMIRI FITILI USA RENKLI,0.6,,https://cdn.dsmcdn.com/ty1726/prod/QC_PREP/20250817/15/88521290-f325-33a0-b086-38003b044132/1_org_zoom.jpg,347.jpg,FOUND,
348,საბურავის ბალანსირების მანქანა BALANS MAKINASI SIRION PRO EKO MESSMATIC,7500,,https://lookaside.fbsbx.com/lookaside/crawler/media/?media_id=1064067535758366,348.jpg,FOUND,
349,საბურავის ლასჩემო-მონტაჟი მანქანა ZANINI PLUS,9850,,https://s.makinaturkiye.com/Product/242506/thumbs/new_line_zanini_10_24_plus-182-900x675.jpg,349.jpg,FOUND,
350,საბურავის ლასჩემო-მონტაჟი მანქანა ATEK BRAVA,6400,,https://lasmix.com/wp-content/uploads/2024/09/brava-maxi-scaled-1.jpg,350.jpg,FOUND,
351,1 MT HIDROLIK KILITLI LIFT ჰიდრავლიკური 380W,6000,,https://www.grayzer.net/idea/iu/79/myassets/products/858/grayzer-2-metre-makasli-hidrolik-lift-havali-kilitli-2265.jpeg?revision=1752312580,351.jpg,FOUND,
352,საღამოს კომპლექტი დომკრატი,300,,https://cdn.myikas.com/images/ea1deae6-94cd-44aa-8a7d-89e368d8bba0/64e706f3-df1d-4e99-a79c-2ddca58131db/1080/1-3.jpg,352.jpg,FOUND,
353,რეზინის შლანგი R1 HIDROLIK YIKAMA HORTUM 15 MT,200,,https://cdn.dsmcdn.com/ty1752/prod/QC_ENRICHMENT/20250911/08/34bf8a5c-3107-31f0-80c8-6136e73ffa37/1_org_zoom.jpg,353.jpg,FOUND,
354,ბალანსირების მანქანა BALANS MAKINASI 2351 UNITROL,8000,,https://www.ikinciellift.com/upload/urun/b/f0443d240a4e3cb512e9911d6534370f.JPG,354.jpg,FOUND,
355,ჰაერის კომპრესორი 22 300 HAVA KOMPRESORU,8000,,https://ideacdn.net/idea/ki/84/myassets/products/361/whatsapp-gorsel-2024-01-31-saat-13-03-29-e0ec2981-jpg.jpeg?revision=1706696876,355.jpg,FOUND,
356,კარდიოს ტომარა საბურავის SOKLAMA TUPU,300,,https://s.makinaturkiye.com/Product/202874/thumbs/26_litre_lastik_soklama_tupu-548-400x300.jpg,356.jpg,FOUND,
357,საბურავის ლატკა PRO 40.5 CIVI DELIGI YAMASI,0.8,,https://www.canotom.com.tr/idea/cd/75/myassets/products/671/gut00.png?revision=1754901184,357.jpg,FOUND,
358,საბურავის ლატკა PRO 3 CIVI DELIGI YAMASI,0.35,,http://www.croyal.com.tr/uploads/croyalcomtr/pages_photo/c_royal_lastik_Urunleri_1645390975.jpg,358.jpg,FOUND,
359,ტყვიის წონერი 200GR KAMYON BALANS AGIRLIGI,7.5,,https://www.teknolas.com.tr/upload/urunler/sirion-pro-kamyon-otobus-lastik-balans-mak-ef55a.jpg,359.jpg,FOUND,
360,საბურავის ლასჩემო-მონტაჟი ATEK ZANINI 99 01 SOKME TAKMA MAKINASI,10170,,https://s.makinaturkiye.com/Product/242495/thumbs/atek_allegro_eco_14_28_lastik_sokme_takma_makinesi-58-900x675.jpg,360.jpg,FOUND,
361,ტყვიის წონერი 50GR KAMYON BALANS AGIRLIGI,4.5,,https://www.teknolas.com.tr/upload/urunler/sirion-pro-kamyon-otobus-lastik-balans-mak-ef55a.jpg,361.jpg,FOUND,
362,75GR KAMYON BALANS AGIRLIGI ტყვიის წონერი,5.5,,https://www.teknolas.com.tr/upload/urunler/sirion-pro-kamyon-otobus-lastik-balans-mak-ef55a.jpg,362.jpg,FOUND,
363,ტყვიის წონერი 100GR KAMYON BALANS AGIRLIGI,6.5,,https://www.teknolas.com.tr/upload/urunler/sirion-pro-kamyon-otobus-lastik-balans-mak-ef55a.jpg,363.jpg,FOUND,
364,ტყვიის წონერი 150GR KAMYON BALANS AGIRLIGI,7.5,,https://www.teknolas.com.tr/upload/urunler/sirion-pro-kamyon-otobus-lastik-balans-mak-ef55a.jpg,364.jpg,FOUND,
365,ტყვიის წონერი 200GR KAMYON BALANS AGIRLIGI,8,,https://www.teknolas.com.tr/upload/urunler/sirion-pro-kamyon-otobus-lastik-balans-mak-ef55a.jpg,365.jpg,FOUND,
366,კონდიცირების მარეგულირებელი 1/2 SARTLANDIRICI SAPPOWER,250,,https://www.hakantorna.com.tr/wp-content/uploads/2024/09/TG-1.jpg,366.jpg,FOUND,
367,დომკრატი 40-25 TON HPM KRIKO,2500,,https://ideacdn.net/idea/cd/75/myassets/products/120/tms1604020.png?revision=1739178964,367.jpg,FOUND,
368,ჩემპიონის ანასწერი 30MM 1P HAVALI LOKMA,50,,https://www.elektromarketim.com/ceta-form-c74-h30-3-4-inc-6-kose-30mm-derin-havali-lokma-anahtar-havali-kose-lokma-anahtarlar-cetaform-394495-35-B.jpg,368.jpg,FOUND,
369,საბურავის ლასჩემო-მონტაჟი მანქანა 6500 MOBIL ALLEGRO TYRE CHANGER,27000,,https://ideacdn.net/idea/cd/75/myassets/products/623/bsmobilallegro6500.png?revision=1697143329,369.jpg,FOUND,
370,ჰაერის კომპრესორი 3000LT HAVA KOMPRESOR,0.5,,https://cdn.dsmcdn.com/mnresize/620/920/ty1608/prod/QC/20241201/23/07e61067-dc17-3f19-ab7a-776ee0deed0c/1_org_zoom.jpg,370.jpg,FOUND,
371,საბურავი 5.00-8 TOKAI HT (DOLGU-SEGMENLI),280,,https://www.tama.com.tr/resimler/623/277-1759811425.jpg,371.jpg,FOUND,
372,საბურავი 6.50-10 TOKAI HT (DOLGU-SEGMENLI),495,,https://cdn.myikas.com/images/83768787-aa5e-4a06-972a-f14759704df0/9e8dc358-71c7-4760-ae61-c581b6b73476/3840/dolgu-lastik-1.webp,372.jpg,FOUND,
373,საბურავის ლასჩემო-მონტაჟი LASTIK SOKME TAKMA MAKINASI 2019,4100,,https://cdn.dsmcdn.com/ty496/product/media/images/20220803/2/153893651/534391745/2/2_org_zoom.jpg,373.jpg,FOUND,
374,პლასტიკის შლანგი 5x8 mm HAVA HORTUMU 7.5 M,33,,https://www.neeksik.com/uploads/product/luft-werkzeuge-jakli-kompresor-hava-hortumu-5x8-mm-75-metre-1665671235.jpg,374.jpg,FOUND,
375,რეზინის შლანგი MAKARALI HORTUM 20 MT SAPPOWER,450,,https://cdn.dsmcdn.com/ty1668/prod/QC/20250427/15/fcb6d7df-c137-36e8-9e7a-0692d22da1c6/1_org_zoom.jpg,375.jpg,FOUND,
376,მანომეტრი BASINC SARTEL KOMPASOR ICIN,120,,https://n11scdn.akamaized.net/a1/602_857/13/68/87/57/IMG-7345773179877682795.jpg,376.jpg,FOUND,
377,საბურავის ბალანსირების მანქანა KAMYON LASTIK BALANS MAKINASI,11600,,https://www.teknolas.com.tr/upload/urunler/sirion-pro-kamyon-otobus-lastik-balans-mak-69bbc.jpg,377.jpg,FOUND,
378,ტყვიის წონერი 250GR,8.5,,https://www.rotarypunch.com.tr/image/cache/data/lba/lastik-800x500.jpg,378.jpg,FOUND,
379,ტყვიის წონერი 300GR,6,,https://ayvazotomotiv.com/wp-content/uploads/2023/03/lastik-balans-makinesi-g66-1.webp,379.jpg,FOUND,
380,ტყვიის წონერი 250 gr kamyon yapistirma balans agir,6,,https://www.teknolas.com.tr/upload/urunler/sirion-pro-kamyon-otobus-lastik-balans-mak-ef55a.jpg,380.jpg,FOUND,
381,დისკის გასწორების მანქანა 78D 00 ROLLER MAXI RIM PRESS MACHINE,11400,,https://aes.ro/wp-content/uploads/2023/08/AES-Tools-1-49.png,381.jpg,FOUND,
382,ხელის ავტომატური ინსტრუმენტი GAV 9981 1P HAVALI SOMUN,1300,,https://cdn.akakce.com/gav/gav-at-9981k-1-z.jpg,382.jpg,FOUND,
383,საბრუნი დისკის სამუხრუჭე ბრჩხილის DISK TORNA,14000,,https://image.made-in-china.com/2f0j00SrGcmIRlafuk/Brake-Disc-Lathe.jpg,383.jpg,FOUND,
384,დომკრატი 4TS-COLUMN TWO POST LIFT,1453.85,,https://challengerlifts.com/wp-content/uploads/2023/03/LE12-standard-2-post-with-red-F250-1024x576.png,384.jpg,FOUND,
385,DIS SALTIK KAYNAK UTUSU საბურავის შესაუტო,3200,,https://s.makinaturkiye.com/Product/210929/thumbs/termostatli_c_lastik_sicak_yama_lastik_kaynak_makinesi-258-900x675.jpg,385.jpg,FOUND,
386,SABIT BALANS MAKINASI U 520 საბურავის ბალანსირების მანქანა,6000,,https://pumalas.com.tr/images/Urunler/5571cf71-4bf6-4968-a7db-1c5f876995f7nub520-tr36.jpg,386.jpg,FOUND,
387,TYRE CHANGER საბურავის ლასჩემო მანქანა,11500,,https://m.media-amazon.com/images/I/711rs7QSgkL._AC_.jpg,387.jpg,FOUND,
388,150 GR KAMYON YAPISTIRMA KURSUN,6,,https://www.kamyonlastigi.com/wp-content/uploads/2023/09/ikinci-el-lastikler.jpg,388.jpg,FOUND,
389,LASTIK YANAK ACMA MAKINASI საბურავის ხსნის მანქანა,1500,,https://i.ytimg.com/vi/QNbrnD6YOWI/maxresdefault.jpg,389.jpg,FOUND,
390,ჰაერის კომპრესორი 300 LT HAVA KOMPRESORU ALTERNATORLU,16000,,https://ideacdn.net/idea/ki/84/myassets/products/361/whatsapp-gorsel-2024-01-31-saat-13-03-29-e0ec2981-jpg.jpeg?revision=1706696876,390.jpg,FOUND,
391,50 GR KAMYON YAPISTIRMA ტყვიის წონერი,4.5,,https://www.teknolas.com.tr/upload/urunler/sirion-pro-kamyon-otobus-lastik-balans-mak-ef55a.jpg,391.jpg,FOUND,
392,75 GR KAMYON YAPISTIRMA ტყვიის წონერი,5,,https://www.teknolas.com.tr/upload/urunler/sirion-pro-kamyon-otobus-lastik-balans-mak-ef55a.jpg,392.jpg,FOUND,
393,100 GR KAMYON YAPISTIRMA ტყვიის წონერი,6,,https://www.teknolas.com.tr/upload/urunler/sirion-pro-kamyon-otobus-lastik-balans-mak-ef55a.jpg,393.jpg,FOUND,
394,150 GR KAMYON YAPISTIRMA ტყვიის წონერი,6.5,,https://www.teknolas.com.tr/upload/urunler/sirion-pro-kamyon-otobus-lastik-balans-mak-ef55a.jpg,394.jpg,FOUND,
395,AERO EGR TEMIZLEME SPREY 500 ML EGR საწმენდი სპრეი,10,,https://cdn.myikas.com/images/277b8a27-d280-48ab-a58c-53c81b269740/9bdc1c36-1c48-4bcb-837f-4bc95e510a2a/image_3840.webp,395.jpg,FOUND,
396,AERO PARTIKUL FILTRE TEMIZLEME SPREY 500 ML ფილტრის საწმენდი სპრეი,10,,https://cdn.dsmcdn.com/ty1445/product/media/images/prod/QC/20240727/00/05a8aaf9-1670-3c7f-8752-a5b3fccc0119/1_org_zoom.jpg,396.jpg,FOUND,
397,DVX PASLAMAZ BAKIM TEMIZLEME SPIEYI 400 ML უჟანგავი მოვლის სპრეი,10,,https://www.antpautocher.com/idea/kk/71/myassets/products/434/dvx-paslanmaz-bakim-temizleme-spreyi-400-ml-1524.jpeg?revision=1745058147,397.jpg,FOUND,
398,DIVORTEX SEFFAF SICI GRES SPREYI 400 ML გამჭვირვალე ცხიმის სპრეი,10,,https://autocher.com/wp-content/uploads/2025/08/divortex-seffaf-sivi-gres-spreyi-400-ml-5768.jpg,398.jpg,FOUND,
399,AERO EP KATKILI SIVI GRES SPREY 400 ML გამჭვირვალე ცხიმის სპრეი,10,,https://www.dvx.com.tr/Upload/Dosyalar/resim-png/sivi-gress-sprey-de300630-237c-4935-9b9a-0ae35a3d5691.png,399.jpg,FOUND,
400,AERO ZINCER HALAT YAGLAMA SPREY INCE 400 ML ჯაჭვის გრესის სპრეი თხელი,2.5,,https://www.antpautocher.com/idea/kk/71/myassets/products/453/dvx-zincir-ve-halat-yaglama-spreyi-ince-400-ml-134.jpeg?revision=1756120525,400.jpg,FOUND,
401,AERO ZINCER HALAT YAGLAMA KALIN INCE 400 ML ჯაჭვის გრესის სპრეი სქელი,0,,https://productimages.hepsiburada.net/s/536/550/110000595450943.jpg,401.jpg,FOUND,
402,AERO SILIKON SPREY 400 ML  სილიკონის სპრეი,0,,https://ideacdn.net/idea/kk/71/myassets/products/446/aero-silicon-sprey-400-ml-2740.jpeg?revision=1746523818,402.jpg,FOUND,
403,AERO LASTIK TAMIR KITI 300 ML საბურავის შესაცვლელი სპრეი,10,,https://bau-cdn.veesk.net/media/product/61/61328754/1440/202502100425_61328754.jpg,403.jpg,FOUND,
404,AERO MOTOR YAG SIZINTI ONLEYICI 270 ML ძრავის ზეთის გასაჟონვის შემაჩერებელი,0,,https://brioshop.com.tr/wp-content/uploads/2023/04/brio-motor-yag-sizinti-onleyici-300-ml-10273.jpg,404.jpg,FOUND,
405,AERO LIFTER KATKISI 270 ML ჰიდრავლიკური დანამატი,0,,https://www.antpautocher.com/idea/kk/71/myassets/products/427/aero-lifter-katkisi-270-ml-4720.jpeg?revision=1745058267,405.jpg,FOUND,
406,AERO RADYATOR CATLAK GIDERICI 300 ML რადიატორის წყლის ჟანგის გასაწმენდი,2,,https://altinendustri.com.tr/wp-content/uploads/2024/10/250205-radyator-catlak-giderici-300ml-600x600-1.jpg,406.jpg,FOUND,
407,AERO RADYALTOR REMIZLEYICI 300 ML რადიატორის გასაწმენდი,12,,https://ideacdn.net/idea/gl/54/myassets/products/950/brio-radyator-temizleyici-300-ml-9634.jpg?revision=1738669127,407.jpg,FOUND,
408,AERO DIZEL PATRIKUL FILTRE TEMIZLEME 300 ML დიზელის ფილტრის საწმენდი დანამატი,2,,https://n11scdn.akamaized.net/a1/602_857/14/55/01/84/IMG-2782546398081440136.jpg,408.jpg,FOUND,
409,AERO BENZIN ENJEKTOR TEM 300 ML ბენზინის ენჟექტორის საწმენდი დანამატი,10,,https://cdn.myikas.com/images/d04c6fda-b3f5-428f-a437-947b875e46c7/705a5618-4671-4d95-8ea0-851167c1eba6/3840/benzin-enjektor-temizleyici.webp,409.jpg,FOUND,
410,AERO DIZEL ENJELTOR TEMIZLEME 300 ML დიზელის ენჟექტორის საწმენდი დანამატი,0,,https://n11scdn.akamaized.net/a1/602_857/14/55/01/84/IMG-2782546398081440136.jpg,410.jpg,FOUND,
411,MLX UR 0 YAMA რეზინის ფირ ფიტიანი,0.4,,,,NOT FOUND,
412,MLX UR 6 YAMA რეზინის ფირ ფიტიანი,1.5,,,,NOT FOUND,
413,MLX RD 12 YAMA რეზინის ფირ ფიტიანი,3,,,,NOT FOUND,
414,MLX RD 14 YAMA რეზინის ფირ ფიტიანი,4,,,,NOT FOUND,
415,MLX RD 15 YAMA რეზინის ფირ ფიტიანი,3,,,,NOT FOUND,
416,MLX RD 33 YAMA რეზინის ფირ ფიტიანი,6,,,,NOT FOUND,
417,MLX RD 40 YAMA რეზინის ფირ ფიტიანი,10,,,,NOT FOUND,
418,ჩემპი 32მმ,45,,https://lastikekipmanlari.com/wp-content/uploads/2025/04/33-3.png,418.jpg,FOUND,
419,ჩემპი 33 მმ,45,,https://lastikekipmanlari.com/wp-content/uploads/2025/04/33-3.png,419.jpg,FOUND,
420,TRAKTOR ILAVE SUBAP საბურავის სარქველი,5,,https://www.cihazbilgi.com/wp-content/uploads/2024/04/subap-lastigi-degisim-fiyati-768x433.jpg,420.jpg,FOUND,
421,1/2 DISI STOPER GOVDE KAPLIN კომპრესორის ფიტინგი,25,,https://ideacdn.net/idea/ku/93/myassets/products/403/u18gjwsbwt1wppxt.jpg?revision=1697143329,421.jpg,FOUND,
422,SOKLAMA SUBABI საბურავის სარქველი,5,,https://files.sikayetvar.com/complaint/3164/31642416/new-holland-tt-55-traktor-lastik-subabi-sorunu-1.jpg,422.jpg,FOUND,
423,750/16 TR 75 IC LASTIK საბურავი მონაცემთან,0.2,,https://ideacdn.net/idea/nq/84/myassets/products/690/750-16-tr75a-ic-lastik-16-rubber-king-7501670016-9772.jpeg?revision=1736243219,423.jpg,FOUND,
424,KOMPRESOR KAFASI კომპრესორის ფაიფური,2400,,https://cdn.makinecim.com/cp/pictures/2025/07/17/452868/b-300-lt-12-bar-4hp-4900-numarali-italyan-abac-kompresor-kafasi-_1_bb97d.jpg,424.jpg,FOUND,
425,245/45 R17 LASTIKLER ასუფავი საბურავი,200,,https://cdn.dsmcdn.com/ty1608/prod/QC/20241129/22/046e3e4b-1460-3e43-add1-b5c7bbfd3b13/1_org_zoom.jpg,425.jpg,FOUND,
426,YIKAMA MAKINASI JETONLU წყლის რეცხის მანქანა,9299.68,,http://kartekmakina.com/files/galeriler/urunler/self_servis_oto_yikama_makineleri/genel_2.jpg,426.jpg,FOUND,
427,CHAMPION GUT 00 YAMA რეზინის ფირ ფიტა,0.3,,https://productimages.hepsiburada.net/s/485/424-600/110000530149182.jpg,427.jpg,FOUND,
428,CHAMPION UP 4.5 YAMA რეზინის ფირ ფიტა,0.4,,https://cdn.dsmcdn.com/ty1350/product/media/images/prod/QC/20240606/00/0d3c044b-a356-3a65-9d44-0189eb719c1c/1_org_zoom.jpg,428.jpg,FOUND,
429,CHAMPION MT 10 YAMA რეზინის ფირ ფიტა,1.5,,https://cdn.dsmcdn.com/ty268/product/media/images/20211210/15/8323174/334508943/1/1_org_zoom.jpg,429.jpg,FOUND,
430,SUPURGE JETONLU ავტო სასურუტი,2174.69,,https://cdn-lastik.dogusoto.com.tr/sliders/lastik-web_sitesi_717x440.jpg,430.jpg,FOUND,
431,25GR TURBO BALANS AGIRLIGI ცხელი ნივთის წონერი,0.7,,https://n11scdn.akamaized.net/a1/602_857/14/71/37/65/IMG-1756843236751598479.jpg,431.jpg,FOUND,
432,FENER MILI SETI ნედლეულის გასახსნელი ნაკრები,0,,https://cdn.dsmcdn.com/ty1611/prod/QC/20241208/15/63416e0f-2d48-3956-b306-f70a9f59709b/1_org_zoom.jpg,432.jpg,FOUND,
433,30GR NORMAL BALANS AGIRLIGI ტყვიის წონერი,1,,https://www.rotarypunch.com.tr/image/cache/data/lba/lastik-800x500.jpg,433.jpg,FOUND,
434,40GR NORMAL BALANS AGIRLIGI ტყვიის წონერი,1,,https://www.rotarypunch.com.tr/image/cache/data/lba/lastik-800x500.jpg,434.jpg,FOUND,
435,პლასტიკის ხუფი KAPAK COCUK KILITLI KIRMIZI,0.01,,https://www.sisecim.com/image/cache/catalog/urun/kapaklar-ve-aksesuar/duz-kapaklar/toptan-plastik-cocuk-kilitli-kapak-30-mm-agiz-kirmizi-kapak-800x800.jpg,435.jpg,FOUND,
436,პლასტიკის ხუფი KAPAK,0.01,,https://www.toptansisekavanoz.com/Resimler/2f16846075944c3f9522b73e67acf20f.jpg,436.jpg,FOUND,
437,წებოვანი ეტიკეტი DVX V2 1 LT,0.01,,https://autocher.com/wp-content/uploads/2025/08/dvx-57-organik-kirmizi-antifriz-1-lt-76.jpg,437.jpg,FOUND,
438,წყლის რეცხის მანქანა 150 BAR YIKAMA MAKINASI,0.01,,https://dogusyapimarket.com.tr/uploads/p/p/ANNOVI-REVERBERI-15549-150-BAR-BASINCLI-YIKAMA-MAKINASI_2.jpg?v=1751974049,438.jpg,FOUND,
439,VORTEX MOTOR TEMIZLEME 5 KG ძრავის საწმენდი შამპუნი,35,,https://autocher.com/wp-content/uploads/2025/08/vortex-lastik-parlaticisi-5-kg-7636-1.png,439.jpg,FOUND,
440,300 LT HAVA KOMPRESORU BENZINLI AYDIN TRAFO 300ლტ ჰაერის კომპრესორი ბენზინიანი,1,,https://s.makinaturkiye.com/Product/237768/thumbs/300_lt_5_5_hp_380v_pistonlu_hava_kompresoru-170-900x675.jpg,440.jpg,FOUND,
441,CHAMPION MT 45 YAMA რეზინის ფურცელი,0.4,,https://cdn.dsmcdn.com/ty1412/product/media/images/prod/QC/20240710/15/5507b0f5-b473-36b9-9b32-76353185e951/1_org_zoom.jpg,441.jpg,FOUND,
442,LASTIK SOKME TAKMA MAKINESI საბურავის ლასჩემო-მონტაჟი მანქანა,7000,,https://cdn.dsmcdn.com/ty1674/prod/QC/20250508/17/5e1cdca0-a8c1-3b83-bebf-c336a292ed77/1_org_zoom.jpg,442.jpg,FOUND,
443,დომკრატი 80-T,1700,,https://lasmix.com/wp-content/uploads/2024/09/TMS-138-1-scaled-1.jpg,443.jpg,FOUND,
444,kucuk kusingam რეზინის ბანდი,35,,https://files.sikayetvar.com/complaint/2952/29526327/petlas-lastik-dag-yolu-icin-aldigim-lastikler-kucuk-taslarda-bile-patliyor-1_768x768.jpg,444.jpg,FOUND,
445,04 00 BRAVA MAXI TYRE CHANGER  საბურავის ლასჩემო მანქანა,9500,,https://giuliano-usa.com/wp-content/uploads/2023/02/MAXI-PRO-CP-plastic-mounting-tool-pos-low.png,445.jpg,FOUND,
446,KARTERDEN YAG EMME POMPASI HUNISIZ FANUSLU DHT ზეთის ამოსაქაჩი მანქანა,1550,,https://platincdn.com/3818/pictures/WQHVWZCXNC8262021125024_ozsan-6390-yag-emme-pompasi-w.jpg,446.jpg,FOUND,
447,AHTAPOT ცხედარი ჰაერის დომატერი,1100,,https://ideacdn.net/shop/tr/16/myassets/products/518/otm57a032.jpg?revision=1697143329,447.jpg,FOUND,
448,PUMA MAKARALI HORTUM რეზინის შლანგი,250,,https://www.greentools.com.tr/image/cache/catalog/green/pu-makarali-hortum-1-2000x2000.jpg,448.jpg,FOUND,
449,1/2 ERKEK STOPER GOVDE GERMAN კომპრესორის ფიტინგი,25,,https://cdn.dsmcdn.com/ty1145/product/media/images/prod/SPM/PIM/20240122/21/7cabcb7f-e81c-3aee-9861-2df5031d3371/1_org_zoom.jpg,449.jpg,FOUND,
450,MLX BP3 რეზინის ფირ ფიტა,6,,,,NOT FOUND,
451,SUBAP KAPAGI GRI CIN სარქველის ხუფი,0.1,,https://lookaside.fbsbx.com/lookaside/crawler/media/?media_id=10159661632577772,451.jpg,FOUND,
452,KANGURU PASTE MONTAJ KREMI 5 KG SARI საბურავის დასამონტაჟებელი კრემი,45,,https://ideacdn.net/idea/gl/54/myassets/products/461/brio-lastik-montaj-kremi-sari-5-kg-12465.jpg?revision=1738667890,452.jpg,FOUND,
453,SUPER VALCARN G 100 CC (140 GR) DIS LASTIK წებო,18,,https://cometcycle.com/wp-content/uploads/2021/03/valkarn-super-100cc.jpg,453.jpg,FOUND,
454,SUPER VALCARN G 50 CC წებო,12,,https://down-ph.img.susercontent.com/file/ph-11134207-7r992-lqegn9fnhpvz41,454.jpg,FOUND,
457,SUBAP 125 კომპრესორის ფაიფური,280,,https://cdn.dsmcdn.com/ty1567/product/media/images/ty1566/prod/QC/20240923/18/ffb1e6cc-6b35-328c-8469-b681cf091fec/1_org_zoom.jpg,457.jpg,FOUND,
458,SUBAP 160 კომპრესორის ფაიფური,370,,https://lookaside.fbsbx.com/lookaside/crawler/media/?media_id=10159661632577772,458.jpg,FOUND,
459,5 TON ARABALI BASARAN KRIKO დომკრატი,2100,,https://cdn.myikas.com/images/82674d61-4da1-4e88-bff6-e0dfbb77953a/7f6a0353-222b-4886-ba43-c7a7788cc601/1080/otomotiv-ekipmanlari-alcak-sase-krikolar-worldforce-5-ton-arabali-alcak-sase-kriko.jpg,459.jpg,FOUND,
460,HAVALI GRES CIHAZI 35 KG DHT საქონალო მანქანა,1300,,https://www.cdnaws.com/i/ottolinecomtr/sample-gres.png,460.jpg,FOUND,
461,VIDALI HAVA KOMPRASORU 11 KW DUCOMP ჰაერის კომპრესორი,15000,,https://ducomp.com.tr/wp-content/uploads/2024/02/b11r-tankustu-kurutucusuz-vidali-kompresor.png,461.jpg,FOUND,
462,ჰიდრავლიკური ჯორჯი 3ტ,400,,https://ideacdn.net/idea/of/77/myassets/products/142/86a24e6d9ce4447385814ae83be2ff43-jpg.jpeg?revision=1717839292,462.jpg,FOUND,
463,MT 12 CHAMPION YAMA რეზინის ფირ ფიტა,3,,https://cdn.dsmcdn.com/ty1412/product/media/images/prod/QC/20240710/15/5507b0f5-b473-36b9-9b32-76353185e951/1_org_zoom.jpg,463.jpg,FOUND,
464,MT 14 CHAMPION YAMA რეზინის ფირ ფიტა,4,,https://www.ducki.com.tr/images/gallery/9989.jpg,464.jpg,FOUND,
465,MT 20 CHAMPION YAMA რეზინის ფირ ფიტა,5,,https://cdn.dsmcdn.com/ty268/product/media/images/20211210/15/8323174/334508943/1/1_org_zoom.jpg,465.jpg,FOUND,
466,MT 25 CHAMPION YAMA რეზინის ფირ ფიტა,9,,https://ideacdn.net/idea/ju/32/myassets/products/277/yamaha-mt-25-anlas-winter-grip-plus-on-arka-lastik-takimi-110-70-17-140-70-17-59491.jpeg?revision=1697143329,466.jpg,FOUND,
467,MT 35 CHAMPION YAMA რეზინის ფირ ფიტა,12,,https://cdn.dsmcdn.com/ty268/product/media/images/20211210/15/8323174/334508943/1/1_org_zoom.jpg,467.jpg,FOUND,
468,საქონალო შამპუნი 20 კგ,130,,https://n11scdn.akamaized.net/a1/602_857/05/67/47/14/IMG-7550492870391598505.jpg,468.jpg,FOUND,
475,OTOMOTIVLASTIKSANAYI BALANS MAKINASI ბალანსირების მანქანა,2700,,https://i0.shbdn.com/photos/40/45/14/x5_1204404514jbz.jpg,475.jpg,FOUND,
476,ჰაერის შრობა HAVA KURUTUCUSU,4200,,https://www.cdnaws.com/i/ottolinecomtr/sample-dryair.png,476.jpg,FOUND,
